source,target
ariefwisnu1,NA
MonicaMedellin9,NA
_7ajii,NA
ariefwisnu1,NA
nishi_kansagara,NA
lovelymochi0709,NA
melydavira,NA
ariefwisnu1,NA
jinwoniecart,NA
Kerrie1802,NA
Jie1324,NA
iamlewakulture,NA
Corpses_Catgirl,NA
HopeEnergy7,NA
Namjoonsbaeeeee,NA
AngelieValerio,NA
iamlewakulture,NA
b_vsoo,NA
Sorabhs17816693,NA
jimin_gyul,NA
_smiling7,NA
mylkpsky_,NA
JinJinJaarah,NA
bts_trash18,NA
attiyahwolfie,NA
MonicaMedellin9,NA
7on_ugh,NA
MicmicSuga7,NA
Peace_Deprived,NA
ggukiettxx_,NA
btsmyhopeee,NA
tayade_vidisha,NA
tyarkookie,NA
hskzones,NA
MonicaMedellin9,NA
AzfarSadat,NA
GMuntashir,NA
MicmicSuga7,NA
fHemRocKs,NA
minaolv,NA
jimin_gyul,NA
chxrsiuu_,NA
juicexstory,NA
minsugadotcom_,NA
b_vsoo,NA
Taeesatan,NA
S24Army,NA
juicexstory,NA
aribetti,NA
choikenkou,NA
notjeonjk_,NA
AliciaGR06,NA
b_vsoo,NA
juicexstory,NA
MicmicSuga7,NA
KookiesNcreem,NA
btsmyhopeee,NA
win_odair,NA
MicmicSuga7,NA
Shairatess,NA
ARMYjjkooky,NA
marveltaee,NA
ann_engene,NA
bawa_698,NA
b_heemi,NA
KookiesNcreem,NA
b_vsoo,NA
AlvaroAlmeidaB1,NA
NajhanAin,NA
ValentinaARMY45,NA
kaylaerica_,NA
loeysplace,NA
win_odair,NA
diyasaravarghes,NA
Maheenjawad1,NA
YELL0WMINT,NA
AlvaroAlmeidaB1,NA
Corpses_Catgirl,NA
bangwoolatiny,NA
KookiesNcreem,NA
BtsSayuri123,NA
MrsChimchim13,NA
Fabi__min,NA
Jagdish12474996,NA
i1_niki,NA
ps_darkestlies,NA
bangwoolatiny,NA
bangtaennieee,NA
min_nea0328,NA
NatalyG87660397,NA
IXFORMIX,NA
kimtaehyung4rvr,NA
EmanFat75194471,NA
MicmicSuga7,NA
Mathewscj2,SumanthOffl
Tataboo23,NA
chillavocado,NA
Eatjin_14,NA
min_nea0328,NA
win_odair,NA
m_jinkim,NA
Corpses_Catgirl,NA
venus_babette,NA
moon7jinnie,NA
trisyaainaa,NA
Abigalbarretto2,NA
JINxKOOKxOT7,NA
Kimchi_maker,NA
LAWGI_,NA
nkgrxxI9SZZzpHL,NA
AigoBangtan,NA
tressie_BTS,NA
ArohiJk,NA
btsmyhopeee,NA
hnjfs_,NA
diyasaravarghes,NA
PMedhasree,NA
moonchildnamu2,NA
PyngropeDoryne,NA
win_odair,NA
tarmykook,NA
ImJHopeBias_,NA
JIMINisART,NA
aa_aeyn,NA
lislianoche,nicolle971_
joonmoonjar,NA
bttmyg,NA
hobiundercut,NA
Ratna_iam_well,NA
jiminz_got_jamz,NA
_alyhya_,NA
21lk21,NA
enbtavares,NA
aa_aeyn,NA
bestrapperyoon,NA
only_Army_ot7,NA
M_O_F_Os,NA
win_odair,NA
CandyMochi8,NA
tarmykook,NA
jiminz_got_jamz,NA
luv__ggukie,NA
littletaetots,NA
HopeEnergy7,NA
lvrkthv,NA
JFMochi07,NA
Mathewscj2,KakinadaAAArmy
mi__sugabae,NA
Kalash96234297,NA
nayseatings22_7,NA
AwiLuvU2,NA
PyngropeDoryne,NA
hobiuwusunshine,NA
jiminz_got_jamz,NA
Mathewscj2,BUNNY_SAI4602
Enseven15,NA
beathobi_,NA
yanaathirah24,NA
only_Army_ot7,NA
ImJHopeBias_,NA
fatima23Jm,NA
urshiney,NA
golden_rainJK,NA
ImFluffyTiger,NA
Mathewscj2,iamdspfan
moonchildmil,NA
MinNoraa,NA
sushimonojoonie,NA
biniseonho,NA
Mathewscj2,HassnaHibye123
fatima23Jm,NA
PyngropeDoryne,NA
Sreethikabts,NA
ImJHopeBias_,NA
blueMIN_13,BTS_twt
chiimmiiieee,NA
preasia_wilfred,NA
Corpses_Catgirl,NA
jenna_alex,NA
Rosebudsays,NA
theOT7ishere,NA
nsymmeee_,NA
BTSTaejin8,NA
Mathewscj2,ShaikBabaShabb7
snam31310392,NA
banerjeerosy5,NA
lislianoche,NA
jiminz_got_jamz,NA
preasia_wilfred,NA
2s3u0f9i0y5aAES,NA
chrishtaee,NA
Mathewscj2,DpsPrabhas
cherrykas7,NA
PyngropeDoryne,NA
agustleighh,NA
JasmineBajwa15,NA
Annyeonghasyeoo,NA
ImJHopeBias_,NA
Mathewscj2,PSPK_NetWorks
jeceloudoroteo6,NA
chrishtaee,NA
MapOfEmag,NA
JasmineBajwa15,NA
BTLUVS14,NA
innerchildcharu,NA
pckawcityx,NA
MoonTaehyung4,NA
JasmineBajwa15,NA
jaycapri0o,NA
zerifa_wahid,NA
crazy_af_army,NA
PyngropeDoryne,NA
JasmineBajwa15,NA
ImJHopeBias_,NA
snam31310392,NA
imzeenat,NA
catlra1,NA
Mathewscj2,Mathewscj2
kimyinaa,NA
btsrosii,NA
JasmineBajwa15,NA
preasia_wilfred,NA
AngmoChabo,NA
kimyinaa,NA
JasmineBajwa15,NA
seoulkthjk,NA
Mathewscj2,badampradeep7
augustamin2,NA
ImJHopeBias_,NA
kimyinaa,NA
JasmineBajwa15,NA
moon7jinnie,NA
taeillovecat,NA
Valenti37434238,NA
21lk21,NA
Mathewscj2,Reddy_Madhan1
Aeshv,NA
chrishtaee,NA
preasia_wilfred,NA
RRidge2000,NA
kimyinaa,NA
moon7jinnie,NA
jeonjungkuky201,NA
bts_euphoricx,NA
Nat18037840,NA
kimyinaa,NA
snam31310392,NA
preasia_wilfred,NA
chrishtaee,NA
Mathewscj2,RV4860
sribangtan7,NA
nsymmeee_,NA
kimyinaa,NA
Mathewscj2,__Mr_Alex__18
preasia_wilfred,NA
chrishtaee,NA
JasmineBajwa15,NA
OlveraXimema,NA
Yoonsoofi,NA
_justjennie,NA
SEOJindia,NA
Chwe_Choi_Xu,NA
rainvowd,NA
chrishtaee,NA
Sofiaa001s,NA
Filter2UGH,NA
Mathewscj2,WORTH__IT_
OlveraXimema,NA
jaemfiacytix,NA
gabriellaQatar,NA
myself_ammu,NA
JasmineBajwa15,NA
BorntoloveOT7_,NA
BTS07301,NA
Mathewscj2,AATEofficial
peachyjoon_23,NA
huimangjh,NA
chrishtaee,NA
ImJHopeBias_,NA
Mathewscj2,alluarjunholic_
preasia_wilfred,NA
fraahanii,NA
iyezhcHHJ04,NA
AndSPRYTE,NA
JasmineBajwa15,NA
Vslovelyjubbly,NA
fraahanii,NA
Moonriver15619,NA
0cabdb1f192241d,NA
ImJHopeBias_,NA
UnkreativXY,NA
agitegemeaux18,NA
Mathewscj2,SatyaGrahii
the_goldboots,NA
bangwoolatiny,NA
fraahanii,NA
strawferries,NA
JasmineBajwa15,NA
preasia_wilfred,NA
jaidifirst,NA
bulletproofHOYA,NA
JasmineBajwa15,NA
MinMeowShipda,NA
kstarworld100,NA
BTSARMY_QCPH,NA
onlybtsonlyarmy,NA
Mathewscj2,Ramakri27788038
gfV69963825,NA
dreamglow_13,NA
jjeonuqi_,BTS_twt
SamikshaGuptaSG,NA
gguk_WithYou,NA
preasia_wilfred,NA
chrishtaee,NA
silentxview,NA
Mathewscj2,varunteja446
tayade_vidisha,NA
Joonisworld7,NA
fraahanii,NA
shipuppyn_g,NA
fruityvity,NA
GL0SSYOONGI,NA
chrishtaee,NA
moon7jinnie,NA
_jiminiepaboo,NA
boopknj,NA
Mathewscj2,Subhash_JSP
vamihob18,NA
KDe_epsilon,NA
kstarworld100,NA
Nat18037840,NA
Joonisworld7,NA
BTSxheart,NA
zaynjinmin,NA
maxmedo6,NA
JasmineBajwa15,NA
fraahanii,NA
angeacsacaa,NA
CorvinousAlex,NA
medzie7,NA
MinMeowShipda,NA
2s3u0f9i0y5aAES,NA
littaeluvv,NA
Mathewscj2,MaheshBabuDHF6
smileehoyaa_,NA
Sanjana09819182,NA
SamikshaGuptaSG,NA
boopknj,NA
PrincessParcon2,NA
taeillovecat,NA
0613P0P,NA
alyajalil_,NA
haisovi,NA
JasmineBajwa15,NA
yoongaboo,NA
rajeycytyx,NA
shipuppyn_g,NA
accOT7forev,NA
JasmineBajwa15,NA
Roxyca_,NA
HobiGlitter,NA
VminBTS11706176,NA
borahaenika,NA
fraahanii,NA
Mathewscj2,NA
MinMeowShipda,NA
thisiskmt0313,NA
Corpses_Catgirl,NA
kstarworld100,NA
AnneJoedie,NA
BeTelepathy_,NA
JasmineBajwa15,NA
cryingforjmjk,NA
byemiraa,NA
erickashtle,NA
naciexx,NA
SuperChamchinie,NA
fraahanii,NA
its_gxyle,NA
Joonisworld7,NA
boopknj,NA
kstarworld100,NA
cthyab_,NA
jvenvenn,NA
hrts4namjoon,NA
JasmineBajwa15,NA
3jnyht,NA
Laura39644610,NA
jvenvenn,NA
yustisiakoo,NA
lucky_lazy_lad,NA
Laura39644610,NA
PyngropeDoryne,NA
JjinSunnie,NA
shipuppyn_g,NA
7_samsans,NA
Light32739540,NA
Milagro54102766,NA
Laura39644610,NA
tae_shoshi,NA
alyajalil_,NA
mimitia1,NA
fookin_avocadoh,NA
JasmineBajwa15,NA
TaediB,NA
sundy_16,NA
Sirilad_06,NA
koosBoyf,NA
eternallittle7,NA
guy4mKnp,NA
Ximena_CerM,NA
personaworId,NA
HobiLeos_diary,NA
mrhni_e,NA
2s3u0f9i0y5aAES,NA
Heidy11240708,NA
Jendeukberry,NA
Joonisworld7,NA
tayade_vidisha,NA
angeacsacaa,NA
Daechwita1992,NA
meiihanxue,NA
AgoncilloBiya,NA
Laura39644610,NA
taescutecheeks,NA
boopknj,NA
jhe_laiii,NA
moonchild8493,NA
_borahebangtan,NA
Light32739540,NA
atiny_is_atiny,NA
nanah_vts,nanah_vts
nitagusthv,NA
lovebymehedi,NA
wd_jaykayyy,NA
Rheninee,NA
Guada_lu7,NA
Laura39644610,NA
Joonisworld7,NA
abyzaidi20,NA
issadreamer21,NA
jamaisvucityx,NA
Qiwawa_BtsArmy,NA
wd_jaykayyy,NA
nnxpjilstrii,NA
Dany54663889,NA
InspiredsoulAJ,NA
hyyhfl,NA
LittleNedrane,NA
mejoy_0103,NA
Ximena_CerM,NA
Nthejinmoon,NA
Laura39644610,NA
joon_isGod,NA
winterconverse,NA
MsMaple,NA
jvenvenn,NA
nitagusthv,NA
Laura39644610,NA
ZubairBazila,NA
Dany54663889,NA
7ovebts_,NA
Joonisworld7,NA
V_Bonobonoya07,NA
besty99127,NA
btsluv9705,NA
moon7jinnie,NA
btsmyhopeee,NA
Joonisworld7,NA
yoonginaranjta,NA
EimyNoemi11,NA
Laura39644610,NA
loeysplace,NA
RupkathaGhosh5,NA
kstarworld100,NA
ShambhaviMeh,NA
wd_jaykayyy,NA
GabrielaReymun3,NA
V_Bonobonoya07,NA
minieBTS4ever,NA
Laura39644610,NA
Tetebiased3,NA
streambtssongs,NA
Jagdish12474996,NA
vrobelek7,NA
justakpopstan77,BTS_twt
LglRdr,NA
kstarworld100,NA
Nat18037840,NA
7_purple_wings,NA
btsallformore,NA
tayade_vidisha,NA
V_Bonobonoya07,NA
VMahalKKyDaily,NA
wd_jaykayyy,NA
zhongl1sm,NA
NeonaPriv,NA
Mystique0203,NA
lilfunkandsoul7,NA
manharleen,NA
Laura39644610,NA
RajesworiParida,NA
rafiqxahmad,NA
BTS_SUPERMACY13,NA
wanningba0bei,NA
akhiiraaa,NA
wd_jaykayyy,NA
more5miles,NA
imaham1512,NA
rjmontefalco15,NA
JinHitRising,NA
purplewhaleu,NA
xmintyoongi,NA
jksweezs,NA
dulce_venus_,NA
7_purple_wings,NA
ktsquirrel_,NA
arciel_imagogin,NA
Snowflakemonst1,NA
homshii,NA
tamaralobo_,NA
7smoons,NA
BetsaFd,NA
jksweezs,NA
beemyjoonie,NA
ggukiekookie21,NA
pepe_hemam,NA
rjmontefalco15,NA
xmintyoongi,NA
BhavishaDudhar1,NA
sssyyidd,NA
wd_jaykayyy,NA
Ot7_BTS_Fam,NA
VanyVMoon,NA
jksweezs,NA
ktsquirrel_,NA
Carlav2005,NA
14Melophile,NA
xmintyoongi,NA
Clownyeondan,NA
AnneJoedie,NA
tihaniyy,NA
wd_jaykayyy,NA
Ruwyns,NA
7_purple_wings,NA
abyzaidi20,NA
jikoocasita,NA
imaham1512,NA
imjk55572979,NA
shikha10479959,NA
Joonisworld7,NA
more5miles,NA
jumpfireidol,NA
BhavishaDudhar1,NA
ARMY_pikachu_,NA
wd_jaykayyy,NA
rijul_20,NA
Ompeng,NA
wd_jaykayyy,NA
kthali_9597,NA
angeljminpark,NA
hopeyain,NA
janvii2802,NA
zurarozes,NA
ARMY_pikachu_,NA
Peace_Deprived,NA
wd_jaykayyy,NA
_HRamn,NA
P0SHED,NA
MapOfEmag,NA
2s3u0f9i0y5aAES,NA
___btswithluv,NA
BetsaFd,NA
Joonisworld7,NA
be_purplesoul,NA
jeonshalaaa,NA
Milryrusso_2,NA
jjxngkxxkcart__,NA
wd_jaykayyy,NA
goldieehellfis1,NA
Andini60775498,NA
eclipse_mingguk,NA
tihaniyy,NA
Fanstygirl1,NA
elly__Darling,NA
gatovangogh,NA
be_purplesoul,NA
wd_jaykayyy,NA
manharleen,NA
Butterflyy_786,BTS_twt
Manmohan300,NA
Annemsmb,NA
btsdimples_,NA
Rashmi94425075,NA
wd_jaykayyy,NA
P0SHED,NA
angeljminpark,NA
Joonisworld7,NA
rockwkooz,NA
AyushiPreyasi,NA
jimini_mango,NA
yuuu858476795,NA
Laura39644610,NA
jxv_oii,NA
wd_jaykayyy,NA
sya_isme,NA
AsthaSh77461022,NA
wd_jaykayyy,NA
lushcioseu,NA
HobiGlitter,NA
Joshyyy017,NA
raylacute,NA
magicshop_7_,NA
sugasarap,NA
Laura39644610,NA
Laura39644610,NA
GaimeeGirl,NA
PookieCm,NA
ParkJeon_26,NA
Sakshi85255632,NA
Moonriver15619,NA
AparnaP56626497,NA
wd_jaykayyy,NA
Kjungse13,NA
staywitharmybts,NA
Laura39644610,NA
EimyNoemi11,NA
jvenvenn,NA
Liz13bts1,NA
Laura39644610,NA
yoonius93,NA
imaham1512,NA
Bangtannie_1306,NA
theia_00,NA
Monochiii,NA
taekook1230911,NA
sal_nika,NA
Antukitoo,NA
lilianamrv,NA
Laura39644610,NA
jkoobii_,NA
ARMY_pikachu_,NA
seokjinlovesrj,NA
pamela_merino9,NA
foryou__bts,NA
ARMY_pikachu_,NA
Laura39644610,NA
Bangtannie_1306,NA
Tanzila69626246,NA
indrifitria_07,NA
sugaft_hoshi,NA
Laura39644610,NA
__panicoo,NA
HuacoYasuri,NA
sherkey,NA
SiempreYoongi,NA
Fatymac130613,NA
july_era,NA
abyzaidi20,NA
Bangtannie_1306,NA
ivyparkbuys,NA
Laura39644610,NA
JessicaNg2506,NA
AnayatH49101523,NA
dnamin20,NA
ineverletugo,NA
jungvax,NA
Fatymac130613,NA
caru_su,NA
JcCeanC,NA
ohmondiablo,NA
Yaz00575437,NA
sherkey,NA
AdriSowoozoo,NA
MimMoontaha,NA
Yaz00575437,NA
MariaLeyli1,NA
StanJJK1,NA
Laura39644610,NA
Laura39644610,NA
JcCeanC,NA
gucciitaebear,NA
mystery_bangtan,NA
thetaekoo,NA
Gioekbangtan,NA
shookymic,NA
Seven_Eternal_7,NA
AnayatH49101523,NA
celinele0,NA
Mary55651,NA
30_vaish,NA
Bangtannie_1306,NA
Laura39644610,NA
KaleshVaishali,NA
OLLGum2,NA
Nyx_MiMi,NA
italian_fernweh,NA
da_namjoon1,NA
luvwilmon,NA
chrishtaee,NA
Jin_is_my_Moon,BTS_twt
P0SHED,NA
__panicoo,NA
Bangtannie_1306,NA
mg_mxss,NA
miniminimc,NA
rockwkooz,NA
30_vaish,NA
AcesG2d,NA
Laiiiiiii7,NA
30_vaish,NA
Qiwawa_BtsArmy,NA
Bangtannie_1306,NA
jec_rose,NA
Bb_Jeon_,Bb_Jeon_
KaleshVaishali,NA
Laura39644610,NA
wd_jaykayyy,NA
qwertybunny__,NA
_maeignacio,NA
jen_nas8,NA
joons_cactus,NA
manharleen,NA
Angel54631006,NA
jjjtyns,NA
SutapaB11536650,NA
joya109,NA
lovebymehedi,NA
Bb_Jeon_,NA
snsa92,NA
noaaaana,NA
hyyhmoonlight,NA
goldenbisexual,NA
jec_rose,NA
jjjtyns,NA
MDii0309,NA
jec_rose,NA
CFCisthebesttt,NA
btsparkjimin_27,btsparkjimin_27
Laura39644610,NA
jrslne,NA
almochilala,NA
luvtayriana,NA
Love79726734,NA
Leska2802,NA
taetaejawline,NA
Laura39644610,NA
goldenbisexual,NA
sheloveander,NA
jjjtyns,NA
Leska2802,NA
Leska2802,NA
_S1R21,NA
alan_sxftt,NA
Yenni5683,NA
damyaf495,NA
pikaaalipa,pikaaalipa
PD2Y5X4kkMP8Bhe,NA
Laura39644610,NA
ash_devi24,NA
AgoncilloBiya,NA
Laura39644610,NA
wanhus_,NA
armyeurofan,NA
nimij1310,NA
ixeelicious_,NA
jjjtyns,NA
got7JayB_,NA
mk_kooki28,NA
Ojasweee,NA
Love79726734,NA
seketulcajaa,NA
Laura39644610,NA
Ot7Nsyjjtj13,NA
simpinwitch,NA
_imthearmy,NA
xufuheng_,NA
sfiasyaa,NA
kth_lore,NA
kooffacha,NA
KalakritThe,NA
SiempreYoongi,NA
kim_lamtae,NA
ghof_rain,NA
ruthsmeraldo,NA
jjjtyns,NA
gfV69963825,NA
SiempreYoongi,NA
P0SHED,NA
koocomong,NA
atiny_is_atiny,NA
kooffacha,NA
smclmly,NA
ruthsmeraldo,NA
kooffacha,NA
luvrbeomm,NA
ChuuJk_159n,NA
sherkey,NA
KookJun13,NA
JK_Borahaee,NA
Fairyfresh4223,NA
Ot7_BTS_Fam,NA
Gurpreet483kaur,NA
P0SHED,NA
lovevnotu,NA
Ompeng,NA
kvjcart,NA
win9lessangel,NA
srinidhib2004,NA
sheloveander,NA
FarahRiko,NA
ruthsmeraldo,NA
noone_clan,NA
SwweetPotato,NA
Laura39644610,NA
EvelynG56052962,NA
ChuuJk_159n,NA
Laura39644610,NA
abyzaidi20,NA
123Sancharii,NA
brookIynbangtan,NA
Priyyaa_23,NA
yoongisease,NA
Laura39644610,NA
jakewonjin,NA
Peace_Deprived,NA
abyzaidi20,NA
AcesG2d,NA
xtae_jk,NA
JBJossi,NA
bangtan_fiz,NA
di10ysus,NA
shhdhh_,NA
vutuanh13,NA
whitejasmine12,NA
EvelynG56052962,NA
btsmagicdoor,NA
snsa92,NA
ruthsmeraldo,NA
Laura39644610,NA
TaylorownedCxsz,NA
zchartv,NA
13BTS7_ARMY,NA
ruthsmeraldo,NA
AkariKunitake,NA
pettyispettyy,NA
Laura39644610,NA
AngieLBBH13,NA
riamandal2505,NA
nradlnkynn,NA
JUMPINGHOPE,NA
MrsChimchim13,NA
bublyjoon,NA
hhyunjiina,NA
wwatforever,NA
AlmaCazares2,NA
13BTS7_ARMY,NA
bublyjoon,NA
Junshan9,NA
abyzaidi20,NA
Laura39644610,NA
louderthanBang,NA
ruthsmeraldo,NA
nradlnkynn,NA
Laura39644610,NA
13BTS7_ARMY,NA
wwatforever,NA
ritukhangori,NA
xxJungkook_97xx,NA
ChaWonTaePavBen,NA
Nela71150282,NA
htownarmy12,NA
neahhhq,NA
AngieLBBH13,NA
annyoongi_,NA
13BTS7_ARMY,NA
memoriesby_bts,NA
val_crab,NA
hyunte_,NA
Sahra1236,BTSChartDailyx
jooniiscrab,NA
JBJossi,NA
iwonhie,NA
vutuanh13,NA
kookinfinitae,NA
_jpurple7,NA
como_regina,NA
Nela71150282,NA
Laura39644610,NA
hyunte_,NA
jungIibiIIi,NA
STAnn75,NA
1lma0o,NA
P0SHED,NA
xxJungkook_97xx,NA
Brrasae,NA
ishuthegreat,NA
taerrie_chxvz,NA
como_regina,NA
JBJossi,NA
pearl_ktbspa,NA
DmartzGabyboo,NA
Laura39644610,NA
vantejinjinjara,NA
M4y_ari,NA
jhnnylatte,NA
13BTS7_ARMY,NA
ectopluka,NA
4RIKOOK,NA
anileise,NA
moon_star617,NA
mk_twtt,NA
nanah_vts,nanah_vts
Golu5231,NA
tae_twtk,NA
PrincessParcon2,NA
lespect07,NA
nam_giseok,NA
kookiejeons_,NA
ayame_matsumura,NA
BTSareON,NA
jinecstasy_,NA
luvekooo,NA
Laura39644610,NA
jksgxdy,NA
kkulsyubie,NA
Amuraovonn,NA
Brisaram0s,NA
szafflunBelle,NA
headbandsuga,NA
Amuraovonn,NA
097alice,NA
imaham1512,NA
RabiaAqsa,NA
sunkissjm,NA
bonobonoya_s,NA
como_regina,NA
marianghelika,NA
PrincessParcon2,NA
jhnnylatte,NA
cozwhalien52,NA
MiaMia04779993,NA
queenxalia,NA
P0SHED,NA
wheeipped,NA
Laura39644610,NA
minnottaken,NA
telep6tia,NA
zepphyr3800,NA
Amuraovonn,NA
jyjminhojay,NA
13BTS7_ARMY,NA
alyzrseee,NA
jhnnylatte,NA
ayame_matsumura,NA
Yoongi_twt52,NA
_Siya7_,NA
lagiperbaikan,NA
tae_shez,NA
Tannie1325,NA
13BTS7_ARMY,NA
_cmllgllts_,NA
_maknaetae,NA
ayame_matsumura,NA
ZueRojas,NA
YenibethCastil2,NA
vintxgember,NA
jungkookie_0903,NA
PLUTOBG,NA
TaehyungOnDurag,NA
Laura39644610,NA
Yoongi_twt52,NA
Lizbethism,NA
MediocreMind4,NA
_maknaetae,NA
P0SHED,NA
lxwallsh,NA
13BTS7_ARMY,NA
Laura39644610,NA
thisispattricia,NA
CatchersDream_7,NA
jungkookie_0903,NA
Likum_16,NA
shikha10479959,NA
13BTS7_ARMY,NA
_maknaetae,NA
mylilyoonmin,NA
Laura39644610,NA
kaygxc,NA
SlLVERKTH,NA
ParkJiminssi143,NA
P0SHED,NA
jungkookie_0903,NA
YenibethCastil2,NA
Nela71150282,NA
Fieeeyjk,NA
Ot7Dee,NA
bangtanniesph,NA
Laura39644610,NA
nicolexswift,NA
AMELIAknj,NA
SnowyDollGirl,NA
minitamii,NA
kookiejeon___,NA
SnowyDollGirl,NA
Mathewscj2,NA
DilnaMuhammad,NA
pnxolingay,NA
AihlaSsi,NA
_Bangtan_Heart,NA
roshnabts,NA
IziRodriguez2,NA
AuroraH2826,NA
pnxolingay,NA
Virgo242000,NA
SnowyDollGirl,NA
Laura39644610,NA
_jeongguksluv,NA
Ompeng,NA
taehY_Yi9taehy,NA
henixdip,NA
minitamii,NA
jungkookie_0903,NA
archivesformyg_,NA
ZueRojas,NA
STAnn75,NA
taehY_Yi9taehy,NA
bts_lizgalls10,NA
deemalharbi13,NA
Nat_751306,NA
Mehakgul_,NA
_imthearmy,NA
taehY_Yi9taehy,NA
angi25love,NA
IziRodriguez2,NA
Omya5755,NA
joymin_95,NA
Seven_Eternal_7,NA
taehY_Yi9taehy,NA
Sahra1236,likechizu
Laura39644610,NA
Nat_751306,NA
keshii_V,NA
Coral_F74,NA
farjukhan,NA
taehY_Yi9taehy,NA
radiantgirl,NA
jungkookie_0903,NA
P0SHED,NA
tasuk_0721,NA
Jagdish12474996,NA
juleee_122,NA
em_eternally7,NA
mehrozkhalid13,NA
NamjooniesQueen,NA
Laura39644610,NA
_imthearmy,NA
goldenamjooon,NA
BANGTAN4gu5stD,NA
hanbinjjkay,NA
ofLucieI,NA
lali_mebo,NA
Moenlight7,NA
vantaebish,NA
xxJungkook_97xx,NA
omayramendozamo,NA
stobit23,NA
arin_watson,NA
shadeambrusio,NA
seskiki_,NA
SnowyDollGirl,NA
_taehyungie_bts,NA
P0SHED,NA
szafflunBelle,NA
STANNINGBTS4,NA
Sobrina81032587,NA
jeonxphoria,NA
KrishnaCortez26,NA
vantaebish,NA
baddbadbyee,NA
roshnabts,NA
zjmepiphany,NA
rain_forever13,NA
borahae_hoba,NA
rockwkooz,NA
mahaeists_,NA
SeokjinieOT7,NA
tanisha_hassan,NA
yourhaniss,NA
_taehyungie_bts,NA
angi25love,NA
SnowyDollGirl,NA
stobit23,NA
jjkmnies_,NA
emilianm_,NA
SnowyDollGirl,NA
BangtanLouise87,NA
AartiYadav2208,NA
Seven_Eternal_7,NA
yourgirlherexox,NA
stobit23,NA
purplebyvante,NA
twt_for_bangtan,NA
itsmmima,NA
e_jjk281,NA
Yooonniie,NA
_happyyoongles,NA
ibethcarolinacg,NA
rossietwt,NA
Milina88195397,NA
kayrasaurus,NA
Ranie135,NA
BangtanArmyLuv,NA
vantaebish,NA
pikaaalipa,NA
e_jjk281,NA
svt_fan03,NA
P0SHED,NA
minielocket,NA
IamSayantaniRoy,NA
armybtslouise,NA
fallingbyjjk,NA
castcrane,NA
yourhaniss,NA
CosmosTannie,NA
_happyyoongles,NA
lvstivhs,NA
cailala3,NA
Laura39644610,NA
e_jjk281,NA
imaham1512,NA
pamelarivi,NA
angel_seok__,NA
_HRamn,NA
SnowyDollGirl,NA
SunflowerBaby36,NA
bIuetelepathy,NA
littlebear_0598,NA
Haru23392430,NA
jungkookie_0903,NA
MapOfEmag,NA
hobikkari,NA
BunnysPrincess2,NA
mikshien,NA
imaham1512,NA
biscominaj,NA
maritesnecesito,NA
jooniiscrab,NA
7_only_Bts,NA
e_jjk281,NA
magnus_min,NA
jeon_eloi,NA
_HRamn,NA
Twistrose_key,NA
minyeona0613,NA
_happyyoongles,NA
jungkookie_0903,NA
_HRamn,NA
shawnistae,NA
TETEKIM613,NA
IParkxox,NA
Sneakugotnojams,NA
kirana_dns,NA
_happyyoongles,NA
purple_twt1,NA
trusfratedafff,NA
Srishti72830000,NA
Resh_mi19,NA
fathmaalikhan,NA
Twistrose_key,NA
Dems025,NA
CRIZOTOKO,NA
BTS_arte,NA
BuButterfly_,NA
IParkxox,NA
sandefuraj,NA
CRIZOTOKO,NA
_jeonova,NA
wonderfullyedi,NA
prettybeargyu,NA
xxxcaca__,NA
sugaskip,NA
_yougotnojams_7,NA
jiminbraxd,NA
CRIZOTOKO,NA
_happyyoongles,NA
RiangYapuk,NA
AcesG2d,NA
IParkxox,NA
hanbinjjkay,NA
shootingpolaris,NA
addictsayoonmin,NA
sugarboo124,NA
CwYamile,NA
wonderfullyedi,NA
Lilygupta27,NA
1992tinesha,NA
alleyhues0T7,NA
btsdidthatt,NA
e_jjk281,NA
its_J0YA,NA
_HRamn,NA
Rashika18259191,NA
_happyyoongles,NA
_taehyungie_bts,NA
P0SHED,NA
_yougotnojams_7,NA
imaham1512,NA
Jasmine22059893,instagram
IParkxox,NA
alyajalil_,NA
poutingjm,NA
RunRunRunBTS,NA
lifetimezztin,NA
_yougotnojams_7,NA
Sasha51515Sasha,NA
sreenij00587656,NA
Aysiahime,NA
vanteestudio,NA
chellebtoo,NA
katejoon01,NA
_taehyungie_bts,NA
Nargis1005,bts_bighit
n1shimuramandu,NA
vaishnavikolic7,NA
NamuDimples0613,NA
Hope_shine218,NA
8mo_onchild8,NA
among_us07,NA
euphcriqxmin,NA
IParkxox,NA
ot7enthusiast7,NA
BankoLoma,NA
oktaecyeon47,NA
nycnamjoon,NA
e_jjk281,NA
izuuzii,NA
meenusai1753,NA
ako_si_ish,NA
jmnlied,NA
OhyiDr5rcR1pazn,NA
IParkxox,NA
Liki_twt,NA
i_am_bts_ddaeng,NA
tetebejks,NA
_jeongguksluv,NA
_taehyungie_bts,NA
Laura39644610,NA
ShSrujana,NA
anamorfati,NA
bts_core,NA
jhopemp3,NA
Shreyas31730702,NA
btsmysafespace,NA
P0SHED,NA
excelsiormyg,NA
jjyomop,NA
irisnamu,NA
Laura39644610,NA
ARMYBLI13491342,NA
kpop_life7,NA
Resh_mi19,NA
PattieDoubleU,NA
_taehyungie_bts,NA
P0SHED,NA
Resh_mi19,NA
kpoplov219,NA
wishfulbangtan,NA
daenasp_,NA
ginkgo_biloba19,NA
Naneunainim,NA
jiminsttyles,NA
Jsoleoo,NA
wonderfullyedi,NA
Minieeee10,NA
mysdjz,NA
FARPot7,NA
Everevv,NA
BTSIsMyTaste,NA
putrisabrienaa,NA
_taehyungie_bts,NA
GulvindarS,NA
MPR0DGEE,NA
mysdjz,NA
tavishArmy,NA
yoongi_phils,NA
wabetaernaI,NA
winTAEr__bear,NA
jeonkayee,NA
_taehyungie_bts,NA
em_yna,NA
NS_Musings,NA
colourfulmist,NA
koobbystarcandy,NA
diatannies,NA
kim_lamtae,NA
y00ngdd,NA
maki_12349,NA
hyejubi,NA
TrnPhmKhnhHn1,NA
TIA_BTSARMY,NA
kimseokjinne_,NA
P0SHED,NA
Cessss12344,NA
nradlnkynn,NA
kpop_life7,NA
_taehyungie_bts,NA
yoongiolly,NA
tayade_vidisha,taeslove_07
TinnyRm,NA
parkjiminfanar1,NA
infiniteyellow2,NA
Jsoleoo,NA
Honeytanbang,NA
BTS7PRINT,NA
katejoon01,NA
myloml4,NA
yoonseokjin3,NA
BTS_ilicious007,NA
nradlnkynn,NA
hiphobimine,NA
DomingzMelany,NA
Cake_Waltz,NA
gucciprvdacxmfy,NA
mintaebun,NA
Leejin_Priya,NA
oktaviani_pane,NA
BaisOT7Army,NA
_lilyiris_,NA
wonderfullyedi,NA
alyajalil_,NA
Laura39644610,NA
josh_jid,NA
yoongiyjaz,NA
alyajalil_,NA
bcr0806,NA
yeonjunsbestie_,NA
taeccizshooky,NA
alyajalil_,NA
Meoongi_,NA
Gowri74613622,NA
samia_mss,NA
phemminie,NA
bangtanbunny11,NA
kthjrs,NA
Heyitsm33220754,NA
farahhhhhhhmin_,NA
Taena21772236,NA
ihavenothink123,NA
alyajalil_,NA
nnlz17,NA
_littlerowland,NA
sessik_p,NA
itzedwin20,NA
Aadya88115520,NA
joooniiverse,NA
rgelgaf,NA
JOONIEYO,NA
Neo_jjk,NA
A_R_M_Y_56,NA
Jimin_yougotjam,NA
kim_lamtae,NA
farahhhhhhhmin_,NA
phemminie,NA
n_irdeeeana,NA
bts_lizgalls10,NA
koobbystarcandy,NA
gguksthighhhs,NA
liasshii,NA
ceneashlene,NA
MelileTK,NA
BlackSwan_875,NA
rgelgaf,NA
StReAm_bUtTeR__,NA
A_R_M_Y_56,NA
n_irdeeeana,NA
Priyyaa_23,NA
Kris20384949,NA
13BTS7_ARMY,NA
Bn_psj16,NA
OT7no1HOT100,NA
13BTS7_ARMY,NA
A_R_M_Y_56,NA
ktwredki,NA
Frau_Fluff,NA
Leehyewon_05,NA
cool_storybob,NA
eatachocbrownie,NA
ruhi014928,NA
jmnspark13,NA
NandaSriMulyan2,NA
thetaehoe,NA
StReAm_bUtTeR__,NA
kwxpna,NA
phemminie,NA
MizLicketySplit,NA
jmnspark13,NA
KYoenhae,NA
lovelyzjeon97,NA
StReAm_bUtTeR__,NA
luvtaegigi,NA
letuongkhuyen,NA
kajusa83521119,NA
lovelyzjeon97,NA
asmetheoblivion,NA
Neo_jjk,NA
nshaffika__,NA
StReAm_bUtTeR__,NA
CV41666039,NA
deadofwrite777,NA
amorositae,NA
jeonmanbun,NA
Naneunainim,NA
09_Life_,NA
PriyankaRoberts,NA
snowflakes0613,NA
A_R_M_Y_56,NA
gwenmorgan84,NA
rgelgaf,NA
Tanimin_7,NA
Resilient8511,NA
1108Parkjmn,NA
TaylorownedCxsz,NA
shannoonaa,NA
Ssimp4bp,NA
CV41666039,NA
kajusa83521119,NA
henixdip,NA
BeMielBe,NA
kpop_life7,NA
easyranking_seo,NA
PurpleFish2013,NA
bigsolidone,NA
stobit_t,NA
iamydemonnn,NA
Taena21772236,NA
kim_lamtae,NA
Clownyeondan,BTS_twt
ilovebangtans,NA
lovebangtan_owl,NA
monjinjin,NA
cia_trds,NA
chewwbaccazna,NA
crystaehyung,NA
wandering_fa,NA
uhhoneyboy,NA
doblebunni,NA
matchakookieee,NA
getawaycar_28,NA
lovebangtan_owl,NA
hanbinjjkay,NA
trashaddct,NA
beariemoon,NA
Estepha45926913,NA
teziaazhr,NA
Pushi_yoongi,NA
SayeWithLuv,NA
kyoutohru7,NA
ZhoslavaMM,NA
taeshirttime,NA
poemsforjiminie,NA
thisispattricia,NA
Jinnie29173384,NA
AslheyHernande3,NA
trashaddct,NA
PurpleFish2013,NA
zoomtodebie,NA
btsxheartue,NA
jaykooksimp_,NA
ruhi014928,NA
sunnyvarshini,NA
__Serendiipiity,NA
MahiNabila7,NA
tayade_vidisha,NA
msmaniacmacgee,NA
KookminPh,NA
PreetAhru_INC,NA
syub583,NA
jintaekook182,NA
DTownKing,NA
ShubhraRai18,NA
hobaring99,NA
qisyA___,NA
Neo_jjk,NA
DukesaJeon,NA
jhkook27,NA
komorebidays,NA
JustinS78674681,NA
Kookbaring_97,NA
Nabibamtan,NA
sweet_ex_,NA
dilfplomats,NA
vantejinjinjara,NA
kimtaehyungEL,NA
llustrate,NA
lpjmxx,NA
vantejinjinjara,NA
Iattaekoo,NA
MahiRathore_,NA
BTS_Minat,NA
cloujk_,NA
sunnyvarshini,NA
thisispattricia,NA
KYoenhae,NA
sunnyvarshini,NA
crispppynugget,NA
aegyoonamjoon,NA
vantejinjinjara,NA
kthxprime,NA
Mariiii58036870,NA
sunnyvarshini,NA
karismaaaaa03,NA
BANGTAN71781590,NA
MahiRathore_,NA
JIMINisART,NA
altheaaa_25,NA
achim_0613,NA
minxioomin,NA
___jamaisvu,NA
rizarisarija,NA
Laura39644610,NA
fairytael,NA
queky_,NA
Allison47286271,NA
libertine_ot7,NA
ruhi014928,NA
shnvvii,NA
na_lyra,NA
bangtankoojjk,NA
KimAlpacaJinPy,NA
Shamimaparvin21,NA
btsxmyhope,NA
smelico13,NA
KriedW,NA
l4ssitud3,NA
Lifeisbts6,NA
gaga__v_,NA
youangel_jhope,NA
sunnyvarshini,NA
taeccizshooky,NA
Bb_Jeon_,Bb_Jeon_
emyeshaa,NA
jjjj4rsv,NA
Allison47286271,NA
Bb_Jeon_,Bb_Jeon_
pjmflter_,NA
Mrinmoyee0716,NA
sunnyvarshini,NA
altheaaa_25,NA
hopeseokkkk,NA
msdajazz_chuchu,NA
Allison47286271,NA
MahiRathore_,NA
KuhuThakur11,NA
jjjj4rsv,NA
sunnyvarshini,NA
junghobiness,NA
hobivmon,NA
Tanvi_Shethia,NA
chewinle,NA
sunnyvarshini,NA
Ayoo134340,NA
Aysiahime,NA
jiminbyheart,NA
RDXTRADERS,NA
A_R_M_Y_56,NA
lolalleya,NA
iwasoncetanyaa,NA
somesk__,NA
2seokmin30,NA
BtsZukulentos,NA
etharei,NA
Euphori21709212,NA
tasuk_0721,NA
KookjinJinkook,KookjinJinkook
emyeshaa,NA
kyoutohru7,NA
sosandsan,NA
OurMoonSeokJin,NA
seokjinartx,NA
KookjinJinkook,KookjinJinkook
sarslaybey,NA
pjiminangel,NA
talaga_foe_pq,NA
AbrilBanda6,NA
sugaberryeyes,NA
koobbystarcandy,NA
sunnyvarshini,NA
paydelily,NA
farjukhan,NA
StReAm_bUtTeR__,NA
bloomingdaysss,NA
JIMINisART,NA
llustrate,NA
kweenituuu,NA
Kookbaring_97,NA
sunnyvarshini,NA
bngtansonyonlit,NA
minxioomin,NA
Asv25_,NA
sunshinehobi_4,NA
btsxpinks,NA
lolalleya,NA
Laura39644610,NA
StReAm_bUtTeR__,NA
Anamta9_3,NA
Magdale00741203,NA
jhaicipres31,NA
sunnyvarshini,NA
TFC_PK,NA
FOLINY_ARMY,NA
yangskie,NA
txxixx,NA
SHOOKJIN20,NA
mileMG02,NA
KYoenhae,NA
im_aez,NA
MahiRathore_,NA
HryTweet_,NA
_Whalien_52Hz_,NA
KYoenhae,NA
askydoodles,NA
jiminshilee,NA
AanyaBTS7,NA
03moonchild_,NA
BANGTAN71781590,NA
KYoenhae,NA
cristinamirannd,NA
attackonbangts,NA
minxioomin,NA
DorothyB_98,NA
rexaneee,NA
hanbinjjkay,NA
_Whalien_52Hz_,NA
2seok99,NA
taevoodle,NA
jkehh_,NA
flower_feminist,NA
rexaneee,NA
bngtansonyonlit,NA
aziallejeon,NA
llustrate,NA
yeontannnies,NA
attackonbangts,NA
AsyiqinSakinah,NA
sunnyvarshini,NA
putrisabrienaa,NA
tehbengg,NA
sharmumtaz,NA
fuyujay,NA
Asv25_,NA
_jeongguksluv,NA
mbaaspool,NA
benichuu_,NA
_hobiSHINE_,NA
KYoenhae,NA
Laura39644610,NA
btsxpinks,NA
myfilterjiminie,NA
nobleqoobangtan,NA
LIZ31315593,NA
FarhanaHaque07,NA
atthajinph,NA
bangtansstory,NA
sunnyvarshini,NA
iloveSj861117sj,NA
jjjj4rsv,NA
Saniya71j,NA
llustrate,NA
benichuu_,NA
_7luuu7_,NA
Laura39644610,NA
tetedivinity,NA
ArmyJinJane,NA
Ele66661,NA
CtrlVCtrlJK,NA
JIMINisART,NA
_damnaged_,NA
Yamile99033644,NA
_Whalien_52Hz_,NA
Saniya71j,NA
moon_minka,NA
BiaL42,NA
mbaaspool,NA
adeliamawarni8,NA
Vantae_998,NA
springforseven,NA
Kimsokjing,NA
mosheymoshi,NA
ixiayoyo,NA
itjiko,NA
moxisgirl,NA
Saniya71j,NA
kim_lamtae,NA
eurydice_layla,NA
Saniya71j,NA
thiccbumptae,NA
Sresh96,NA
_fiyy,NA
Gowri74613622,NA
tehbengg,NA
btsxpinks,NA
sunnyvarshini,NA
minipkjimin,NA
heystobitbeech,NA
mbaaspool,NA
DassyOrtiz,NA
sunnyvarshini,NA
little_thunderr,NA
Saniya71j,NA
Prachi_kove12,NA
eclectic_sam,NA
jungoosjawline,NA
aisyahbilal,NA
taebeokkie,NA
_Whalien_52Hz_,NA
Mrinmoyee0716,NA
_Whalien_52Hz_,NA
yoongatito_tom,NA
tete95files,NA
61312H,NA
aisyahbilal,NA
asvielx,NA
hasnaabee,NA
lilsyvla,NA
bangtanbomber,NA
rinrinamy,NA
jiminbyheart,NA
septiyanitha,NA
jungoosjawline,NA
alleyhues0T7,NA
Taehyungist07,NA
Saniya71j,NA
yoonkimin_07,NA
Miranda30101564,NA
_Whalien_52Hz_,NA
taexjoonxhobi,NA
driaxdeej,NA
_M_INK,NA
Scenerybie_,NA
Saniya71j,NA
jungoosjawline,NA
Tarunika18,NA
maryjooniverse,NA
urpromisee,NA
ixeelicious_,NA
kkulsyubie,NA
Anniemae0059,NA
HurtadoBuiza,NA
SoleilAdhara_,NA
kim_lamtae,NA
_Whalien_52Hz_,NA
joon_isGod,NA
urpromisee,NA
shinneyMwaps,NA
Tarunika18,NA
atTAEtudeV,NA
KriedW,NA
TheThingIsBTS7,NA
asvielx,NA
Saniya71j,NA
jazminhazarel,NA
jgktaegi,NA
_Whalien_52Hz_,NA
happyice2002,NA
Jkookies11,NA
Picklejuicetea,NA
Prachi_kove12,NA
Alexa_JK97,NA
_7luuu7_,NA
9930vv,NA
Saniya71j,NA
novembermirror,NA
_Whalien_52Hz_,NA
Salma_R88,NA
Sari_ARMY08,NA
over_thejoon,NA
urgfjia,NA
alluringtaekook,NA
milisblue,NA
FernVaine,NA
hongjoonglaptop,NA
yoonsongrequest,NA
kim_lamtae,NA
_Whalien_52Hz_,NA
FancyUwu3,NA
CEOofBunnies,NA
INFPmode,NA
_Whalien_52Hz_,NA
FancyUwu3,NA
jungoosjawline,NA
SheikhRuhab,NA
jinminbliss,NA
Tarunika18,NA
BTS_PaveDaWae,NA
tasuk_0721,NA
chimxily,NA
kim_lamtae,NA
sangyeojaa,NA
shakirah2335,NA
agustym19,NA
shadowIight,NA
adhiscubee,NA
KimTete__V,NA
shakirah2335,NA
jungoosjawline,NA
Itz_me_JC,NA
_Whalien_52Hz_,NA
joonprogamer,NA
nay_v_,NA
rosandaeka,NA
aoiibean,NA
Sweethearrttttt,NA
Prachi_kove12,NA
btspopdotcom,NA
Saniya71j,NA
111_love_urself,NA
resh_ammu,NA
AdhithiUday,NA
JK00o,NA
kim_lamtae,NA
wtbearv,NA
RianneV_BTS,NA
D2MnSuga,NA
yoonkimin_07,NA
_maknaetae,NA
mxjkkmain,NA
jhaicipres31,NA
jungoosjawline,NA
ferdunno,NA
Saniya71j,NA
VinMin_,NA
chimchikook,NA
cheetoageh,NA
D2MnSuga,NA
Bb_Jeon_,Bb_Jeon_
nay_v_,NA
koobbystarcandy,NA
nrhnahmra,NA
ApekshaVerma10,NA
Saniya71j,NA
chipsahhoy_,NA
_Whalien_52Hz_,NA
alleyhues0T7,NA
111_love_urself,NA
bangtan_1hot100,NA
StefanniNarra2,NA
_Whalien_52Hz_,NA
jhaicipres31,NA
bibaii,NA
baddbadbyee,NA
DontCallMe_Stef,NA
Saniya71j,NA
_mkayem,NA
Jiniejje,NA
sUgaRpLuM6_1,instagram
JEJEARMY10,NA
juegaizuku,NA
arnicatolerant,NA
nay_v_,NA
taetaebias4,NA
_Whalien_52Hz_,NA
jazminhazarel,NA
zxcvbnkka,NA
amorfatietlux,NA
chaydine_cheysi,NA
JustinS78674681,NA
AwJimena,NA
Hanam951,NA
tlkngttwall,NA
Hopeisntover,NA
D2MnSuga,NA
_Whalien_52Hz_,NA
PrincessParcon2,NA
111_love_urself,NA
HilmaJjh15,NA
Saniya71j,NA
hasnaabee,NA
hayatariffin,NA
taetaebias4,NA
LJhanys,NA
AgoncilloBiya,NA
Tulip19670802,NA
Aadya88115520,NA
GRLXVS,NA
Anniemae0059,NA
BTBTBTS_armyami,NA
kjooning,NA
_Whalien_52Hz_,NA
MizLicketySplit,NA
111_love_urself,NA
HilmaJjh15,NA
hphungkc,NA
sleepyshooky_zz,NA
_Whalien_52Hz_,NA
thvtaetae,NA
koobbystarcandy,NA
Creature1025,NA
lei_with_luv,NA
_Whalien_52Hz_,NA
alleyhues0T7,NA
AwJimena,NA
D2MnSuga,NA
Ot7Israel,NA
sky_mcielo27,NA
aquanamu16,NA
PRITI1302,NA
_Whalien_52Hz_,NA
Poojati88445475,NA
111_love_urself,NA
bbshkld,NA
_Whalien_52Hz_,NA
TannieCupcake7,NA
Puja996,NA
hobiiniee,NA
ttaebokkie,NA
blushlnie,NA
dccn31,NA
itsnxna,NA
hasnaabee,NA
_Whalien_52Hz_,NA
yoongi00yeonjun,NA
alleyhues0T7,NA
blushlnie,NA
mariajonaho,NA
soft_fia1,NA
blushlnie,NA
_Whalien_52Hz_,NA
MyGalaxy_7,NA
blushlnie,NA
wndyfletchr,NA
Army7Bae,NA
EvieBeanBot,NA
soft_fia1,NA
Mariade26333033,NA
liambearhug,NA
sweee04,NA
BTSSSforever,NA
blushlnie,NA
soft_fia1,NA
alleyhues0T7,NA
111_love_urself,NA
blushlnie,NA
ManishaSamal16,NA
ughsugar,NA
Fairyfresh4223,NA
_Whalien_52Hz_,NA
yoongidoremi,NA
adobubble,NA
blushlnie,NA
AwonAmlex,NA
PRITI1302,NA
blushlnie,NA
Genesis88222377,NA
blushlnie,NA
GeniusMYlab28,NA
cosmogyrallx,NA
yeetedracer,NA
Hopeworldblues,NA
BTS_girl_ot7,NA
fan_compas_Gaby,NA
kimituli,NA
blushlnie,NA
ttannies7,NA
ILOVETAEHYUNGY,NA
blushlnie,NA
taereomcflurry,NA
sftbrries,NA
Sappho67791183,NA
blushlnie,NA
ManishaSamal16,NA
Anamta9_3,NA
sofia_thelast,NA
blushlnie,NA
Sourav09837593,NA
xtyriz89,NA
Namtiddies69_,NA
blushlnie,NA
Bts_army311,NA
blushlnie,NA
kamal_0x1134340,NA
MRAMSTPDCB,NA
taetaebias4,NA
blushlnie,NA
thiccccthor,NA
blushlnie,NA
poootattoo,NA
LiliArm45191017,NA
ManishaSamal16,NA
whaleinpurple,NA
jiminieyouth,NA
aniahyen,NA
Army7Bae,NA
SUGAmahSUGA,NA
nanareums,NA
AShipper7,NA
alyaerafezs,NA
thiccccthor,NA
EramSheikh17,NA
AngieSo22522632,NA
nanauyukook,NA
idkwhoimeither,NA
an__kth,NA
sKILUe123,NA
PRITI1302,NA
Igmyeong_twts,NA
Bb_Jeon_,Bb_Jeon_
libertine_ot7,NA
MINIM0NIK0YA,NA
Bb_Jeon_,Bb_Jeon_
njfao_stan,NA
wndyfletchr,NA
thiccccthor,NA
dare_views,NA
OSTbyViscoming,NA
AngieSo22522632,NA
shehatesssyou,NA
V_Paul16,NA
AlyaNuralya12,NA
samiasalam_ami,NA
N0BARAKUGlSAKl,NA
resh_ammu,NA
SunShinE_Meee,NA
AShipper7,NA
shookymic,NA
ReeARMY7,NA
Ami_20050127,NA
eternalbts07,NA
_Whalien_52Hz_,NA
Eesha_Shah21,NA
Hihobi13,NA
taetae_Vante7,NA
NabilaHarianas5,NA
ManishaSamal16,NA
Kamiliacabello,NA
tirednessmoon,NA
blushlnie,NA
ymhoba,NA
kthnta_,NA
pikapikapika29,NA
MoonRespectMei,NA
HobiHobitoo,NA
primmfaktor95,NA
gladscoups,NA
AngieSo22522632,NA
_mahnoorasif_,NA
monomingguk,NA
Lem4ldupays,NA
NabilaHarianas5,NA
BangtanMaenad,NA
_Whalien_52Hz_,NA
hobimanas,NA
Sumbul_01Fatima,NA
ManishaSamal16,NA
an__kth,NA
k_mochixx,NA
Avani01650497,NA
_Whalien_52Hz_,NA
ezkthvVv,NA
AngieSo22522632,NA
elia_azzahraA,NA
LiliArm45191017,NA
pookguk,NA
blushlnie,NA
Dreamglow20,NA
bbblobesbabes,NA
jiminshilee,NA
ilyysimjaeyun,NA
thenelliecolina,NA
jeonscar7,NA
_Whalien_52Hz_,NA
Avani01650497,NA
Ami_20050127,NA
Sumbul_01Fatima,NA
AngieSo22522632,NA
Amberella1990,NA
_Whalien_52Hz_,NA
Jkookies11,NA
btsvkookjinn,NA
pina_manno,NA
koobbystarcandy,NA
DanielA95896285,NA
kukooeee,NA
_Whalien_52Hz_,NA
xvirginial,NA
PraptiTasnim,NA
AziahAli2,NA
11396Bina,NA
ILOVETAEHYUNGY,NA
thenelliecolina,NA
Amberella1990,NA
taehyuniiiie,NA
taetaebeaarr,NA
peachylaaaaa,NA
mikhvs_,NA
namuplanet,NA
BTSJIN08,NA
_mahnoorasif_,NA
jazztine_mae,NA
koobi_moonshine,NA
Fairyfresh4223,NA
nikol_rr_,NA
Cinlte_,NA
11396Bina,NA
SH_btskz_23,NA
brimyg,NA
leslie141099,NA
Taetae_xxd,NA
_Whalien_52Hz_,NA
shruthi3588,NA
kweenituuu,NA
bts_wonder_07,NA
luvbangtanx,NA
bangtanlsamo,NA
geonuskies,NA
MutahiraT,NA
all4jkeons,NA
smolggoogie,NA
AngieSo22522632,NA
ManishaSamal16,NA
abyss7_,NA
jimminjams,NA
teyvatgf,NA
atzimpact,NA
koobbystarcandy,NA
Anousha57520820,NA
blueandgrey6,NA
nicollebbh_,NA
AngieSo22522632,NA
peterp4n3,NA
gentlegukk,NA
an__kth,NA
bts_army_light,NA
tirednessmoon,NA
koobi_moonshine,NA
Anniemae0059,NA
k_mochixx,NA
h4kuna_m4tatah,NA
HbJannia,NA
atzimpact,NA
Laura39644610,NA
Jmgettinpraised,NA
_Whalien_52Hz_,NA
jiminbyheart,NA
koobi_moonshine,NA
ftihaaje,NA
k_mochixx,NA
tirednessmoon,NA
koobbystarcandy,NA
LumbeniP,NA
Viridianagg_,NA
Mammadli12,NA
thiccccthor,NA
an__kth,NA
h4kuna_m4tatah,NA
nicollebbh_,NA
_Whalien_52Hz_,NA
kianaserrano31,NA
sugasjoonie,NA
_Whalien_52Hz_,NA
thiccccthor,NA
UthmaanKaranie,NA
Kimsparkler7,NA
Safhiracandraa,NA
SorenSristi,NA
peachylaaaaa,NA
atzimpact,NA
IParkxox,NA
vantekookie7,NA
jjksonyeondan,NA
tresha1994,NA
iiADONISii,NA
LumbeniP,NA
_Whalien_52Hz_,NA
amiriegocityx,NA
Anamta9_3,NA
chuuvex,NA
_Whalien_52Hz_,NA
tasuk_0721,NA
Ibbo65041864,NA
Sorayah1940,NA
__v__junior,NA
tirednessmoon,NA
heejj0ng,NA
Sandylora6,NA
Anamta9_3,NA
Joooooaannnnn,NA
Sritae5,NA
notjulybutjune,NA
nixssiiimp,NA
yourskimchy,NA
agst_myg,NA
JasmineCleofe,NA
btsbreakers,NA
falleminieee,NA
illegirl_imnida,NA
ilyysimjaeyun,NA
sotiredofppll,NA
ilyysimjaeyun,NA
_Girl_dreaming,NA
soft_fia1,NA
shabana_javaid,NA
ilyysimjaeyun,NA
brimyg,NA
clau_1329,NA
thiccccthor,NA
stuckwithyoutan,NA
Shaheen09815483,NA
TheintTheintZu1,NA
jiminxseri,NA
notjulybutjune,NA
ManishaSamal16,NA
_Whalien_52Hz_,NA
ilyysimjaeyun,NA
chuuvex,NA
_Whalien_52Hz_,NA
agst_myg,NA
ilyysimjaeyun,NA
Arrmyy_,NA
Sonal82434648,NA
Veronika_Arg_JM,NA
jiminmlk,NA
akunsuci76,NA
jaysoaresb,NA
Veronika_Arg_JM,NA
_x_anakha_x_,NA
whitesuga_14,NA
tapdatbangtan,NA
OK_LUV_BTS,NA
_Whalien_52Hz_,NA
yoomyeuphoria,NA
Athulya83849736,NA
vantekookie7,NA
tirednessmoon,NA
koobbystarcandy,NA
brimyg,NA
ilyysimjaeyun,NA
Jkbest8yeaha,NA
sribangtan7,NA
hobiandpandas,NA
boooglefangirl,NA
kthrevenge,NA
ilyysimjaeyun,NA
_Whalien_52Hz_,NA
shookykookies,NA
Veronika_Arg_JM,NA
BabeWithLuv,NA
mytae4ever,NA
_YOUniverse613,NA
daniza_t,NA
OK_LUV_BTS,NA
OST7_13170810,NA
ilyysimjaeyun,NA
Laura39644610,NA
anlzyng,NA
Vanesminie,NA
NaomyGrame,NA
ilyysimjaeyun,NA
galaxyofb07,NA
sanji0003,NA
_ggukpeupeu,NA
minmin_swg,NA
Laura39644610,NA
OK_LUV_BTS,NA
Sritae5,NA
newy8rk,NA
ilyysimjaeyun,NA
_YOUniverse613,NA
moggyyg,NA
juhirhnnh,NA
ilyysimjaeyun,NA
Ibrahim85601612,NA
Vanesminie,NA
ilyysimjaeyun,NA
Alejand62627912,NA
_Whalien_52Hz_,NA
Laura39644610,NA
LilyPut39268660,NA
shookoo75462500,NA
mochim_1298,NA
ilyysimjaeyun,NA
_Solo_Gawl8248,NA
akishiyeon,NA
KatePaglinawa11,NA
Sresh96,NA
Laura39644610,NA
basopakemangkok,NA
chuuvex,NA
xmochikate,NA
jinhitwins,NA
clau_1329,NA
Amana_Aleemath,NA
_Whalien_52Hz_,NA
ilyysimjaeyun,NA
jinmagicshop12,NA
SMutumz,NA
imjk55572979,NA
chuuvex,NA
vantekookie7,NA
_Whalien_52Hz_,NA
CalicoKat_2123,NA
miiycoco,NA
ilyysimjaeyun,NA
Sritae5,NA
palmy1006,NA
_Whalien_52Hz_,NA
AfreenS93811154,NA
dapufan,NA
Sasha51515Sasha,NA
OK_LUV_BTS,NA
Bb_Jeon_,Bb_Jeon_
rmsvhopminjkin,NA
_Whalien_52Hz_,NA
__hyunjoons,NA
rmdrafts,NA
Bb_Jeon_,Bb_Jeon_
rimi_013,NA
artmusic_be,NA
floralhoseok,NA
hiboucha17,NA
Fairyfresh4223,NA
BenjMoon,NA
luckyyanaa,NA
svnlghts,NA
sowoozoojoon,NA
LumbeniP,NA
varun143_army,NA
JamylaRivera,NA
l7verss,NA
97ztear,NA
svnlghts,NA
TROSbangtan,NA
rjthbags_,NA
Chimjiminkookie,NA
KY_BTS_KY,NA
mollycia1915,NA
Ibbo65041864,NA
Reeethh,NA
stfuviie,NA
cloudicitii,NA
Ot7_Btluvs,NA
clau_1329,NA
Sasha51515Sasha,NA
darinamgi,NA
7780yy,NA
Joooooaannnnn,NA
kthvvsoul,NA
loaarmy,NA
nurinninsyirah,NA
JamylaRivera,NA
BTS_girl_ot7,NA
koocerezita,NA
Sasha51515Sasha,NA
namuplanet,NA
_meku__,NA
maki_12349,NA
illiemsna,NA
peachy_beex,NA
Sritae5,NA
shrfhnurhdzln,NA
koocerezita,NA
BenjMoon,NA
Kate56874283,NA
svnlghts,NA
wishingbang,NA
MoonArcher20,NA
OyukiAbel,NA
hobi_vkook_love,NA
S0urabhsharmaa,NA
kalatniriyann,NA
Nam4president00,NA
BenjMoon,NA
amani_j97,NA
Mrinmoyee0716,NA
BTS_Is_Quotable,NA
nathofstyles,NA
Ms_kdgz,NA
pratibhamulewa,NA
fitznamu,NA
namastaehyung,NA
Reeethh,NA
ddeokjwini,NA
BenjMoon,NA
ukthiiyoongist,NA
LifegoesOn742,NA
Akshara79015676,NA
nojamstae_,NA
chuuvex,NA
kth_lore,NA
7Support24,NA
strugglesforbts,NA
Joooooaannnnn,NA
im_illumiseven,NA
kooagustdt,NA
Gabby_abbyyy,NA
_nadeela,NA
JamylaRivera,NA
VerylliumV,NA
bonsaibrei,NA
hyyhpt23,NA
moonchildxever,NA
meowkvs,NA
nojamstae_,NA
nikkiangeleeee,NA
almonds_99,NA
NurulAi67174448,NA
bcr0806,NA
Avajeon1997,NA
sonnygl0w,NA
Akshara79015676,NA
sarahaebts,NA
kalatniriyann,NA
namelessanyt,NA
illegirl_panda,NA
IParkxox,NA
2018_lumi,NA
Vivy26089632,NA
namelessanyt,NA
izyan_twt,NA
_srijani07_,NA
poetryofhobi,NA
_srijani07_,NA
r0ckbison,NA
r000o000oooo,NA
twiter_rran,NA
aaaaaarmmyyyyy,NA
BTSTWTJK_,NA
softiejjn,NA
GiyaniXArcade,NA
moonligktae,NA
PRPLSquirrellet,NA
Ariel_Btsarmy,NA
floweryvtae,NA
abby7_be,NA
BTSARMY20994504,NA
r0ckbison,NA
Jeonlamia_Ssum4,NA
thirstaesoul,NA
ashlovesbangtan,NA
hm_nettielopez,NA
syasya_mustaffa,NA
areumfatima123,NA
KeeshYoongi,NA
btsinsta_7,NA
akirma_,NA
kookssoulmate01,NA
r0ckbison,NA
wiminung,NA
gvnrsh_a,NA
lilrunchranda,NA
btsforever0213,btsforever0213
kshiningbreeze,NA
Bangtandaph,NA
yOuGoTn34379725,NA
Sresh96,NA
HappysoulSeetha,NA
outro_wonder,NA
sarekings,NA
softiejjn,NA
ZannatunNazifa,NA
jeonwwh,NA
yoonsgouache,NA
ChhablaniBobby,NA
chuuvex,NA
singulary_v,NA
MahaRasheed96,NA
yangmikaelson,NA
yOuGoTn34379725,NA
Rose16_16,NA
Madhurikim,NA
Gayu0077,NA
zrr_kth,NA
SwethaRS8,NA
minhouria,NA
KkTalkies,NA
nay_v_,NA
nay_v_,NA
outro_wonder,NA
MahaRasheed96,NA
Mochi15600074,NA
minxhns,NA
indomyxBTS,NA
taesdeepvoice_,NA
bangtanlete,NA
soboksob0k,NA
kim_2seok,NA
_Whalien_52Hz_,NA
babymochii_03,NA
guccitaehyungg,NA
adorbstannies,NA
NAESUGAKOOKIES,NA
Sreethikabts,NA
kthlevanter,NA
_Heaven_TH,NA
barangkikay,NA
Minerva24_,NA
7_1306,NA
bangtantrees,NA
seokjinbiasgirl,NA
AfreenS93811154,NA
bamie_inthesoop,NA
J_MeeO,NA
_Whalien_52Hz_,NA
nurdini_anuar,NA
uhddaeng,NA
chuuvex,NA
Shammi_Shashi,NA
yoonsgouache,NA
khushboobakshi8,NA
dimpi_iiiii,NA
btsforever0213,NA
7Btsmyuniverse,NA
AfreenS93811154,NA
Kthxjm,NA
An_isnotcool,NA
Ibbo65041864,NA
BTS_TWT_JIMIIN,NA
GetClassMonitor,NA
Riegofeliciaa,NA
dimpi_iiiii,NA
FreePandaHugs,NA
Sreethikabts,NA
koobbystarcandy,NA
nojamstae_,NA
SmithsWriters,NA
_taetaeluvs_xx,NA
_brighthobi,NA
ifeellikespring,NA
nomoredreamot7,NA
vitaeminVante,NA
ikishobii,NA
kthlevanter,NA
JIMINisART,NA
eternaI_7,NA
taesorgans_,NA
fdilaqn,NA
Taetaesmile95tt,NA
bangceo_btsh,NA
btstae163,NA
Sopa_con_sprite,NA
AggMoonJin,NA
the7angelsOt7,NA
BTS_Is_Quotable,NA
jeonjung_kook__,NA
FuriosaLA88,yoongisbaeee
n_nxnaa,NA
mytae4ever,NA
JustinS78674681,NA
jennijlx,NA
jhsprites,NA
nuggets_fried,NA
jennijlx,NA
fancytannies,NA
ccjhope2020,NA
bangtanning77,NA
njyhjvjk,NA
AlienClow,NA
eiryls___,NA
ZannatunNazifa,NA
skybaby_papa,NA
YoungmiHan5,NA
hanbinjjkay,NA
glammqueentiara,NA
AfreenS93811154,NA
chaoticneutralv,NA
Monceeharuhi,NA
BTS_TWT_TAEE,NA
jk97_201011,NA
BrendaRamosRod1,NA
KeepgoinU,NA
bamieandkoo,NA
semi_detachedd,NA
glammqueentiara,NA
JamylaRivera,NA
taebulat,NA
nappingcookie,NA
sugalovelove123,NA
glammqueentiara,NA
noonas_podcast,noonas_podcast
NamjooniesBook,NA
tvrkishhdelight,NA
4ever4yoongi,NA
noonas_podcast,NA
pjs4__,NA
jeonwwh,NA
aaaaaarmmyyyyy,NA
jungkookmilindo,NA
Monceeharuhi,NA
taeIiah,NA
NamjooniesBook,NA
dew_aurora,NA
jungkookmilindo,NA
smgfilter,NA
nay_v_,NA
Yeotan32018109,NA
FrhHzwani,NA
jinlachimolala1,NA
Kookianaa,NA
jungkookmilindo,NA
KellyP221,NA
barcenas_anna,NA
btsparkjimin_27,NA
kimtinyvantae,NA
ButterflyBB,NA
outro_wonder,NA
jungkookmilindo,NA
hanbinjjkay,NA
shabana_javaid,NA
nay_v_,NA
jinlachimolala1,NA
glammqueentiara,NA
disease_Fer29,NA
jungkookmilindo,NA
hanbinjjkay,NA
sioson_jazmine,NA
yktv_czs,NA
lorbitter_sweet,NA
TiuCNng2,NA
jinlachimolala1,NA
bangtanshouse,NA
sugassi_hobi,NA
AfreenS93811154,NA
nay_v_,NA
bcldsa,NA
SunnyAsmaa,NA
kathjk28,NA
lorbitter_sweet,NA
NamjooniesBook,NA
BTS_VTAE__,NA
JamylaRivera,NA
berrymeowgi,NA
uvekvernon,NA
tioudora,NA
taetaesunflowrr,NA
taekook_my_uwu,NA
applevsace,NA
bcldsa,NA
Fairyfresh4223,NA
YK99024771,NA
KristijanaMilat,NA
ZamanMonisha,NA
Oz_Mook,NA
Lovelyybearr,NA
FelixsBrowniez,NA
4ever4yoongi,NA
Evelin19lara,NA
JunYoung95z,NA
_YOUniverse613,NA
angelahervina,NA
BangtanVisharmy,NA
nay_v_,NA
njs001_hybe,NA
anshu_0803,NA
Ashjackie23,NA
_YOUniverse613,NA
babymochii_03,NA
kingtan875,NA
FelixsBrowniez,NA
softesthobi,NA
cherrykvs,NA
taecelupsosro,NA
KookSweetNoona,NA
eunicorn__,NA
BrendaRamosRod1,NA
btsarmyyy310503,NA
Jeonlamia_Ssum4,NA
nay_v_,NA
cody_min_,NA
KookSweetNoona,NA
Oz_Mook,NA
_jk3coursemeal_,NA
BTSlover_Tk,NA
jungshookyyyy,NA
NSYHJTJ_25,NA
FelixsBrowniez,NA
wntercgv,NA
nay_v_,NA
itsbell0220,NA
JamylaRivera,NA
Karolin43138183,NA
_YOUniverse613,NA
bonsaibrei,NA
taegguk_luv_,NA
95springdayy,NA
simpyoshi_,NA
yoongishawtyyy,NA
4ever4yoongi,NA
seesawjk_,NA
manjoonspersona,NA
Karolin43138183,NA
YK99024771,NA
BrendaRamosRod1,NA
bonsaibrei,NA
sinceritaee,NA
OT7army93,NA
yoongisbbitxh,NA
DPabricante,NA
chaapiot,NA
MoonRespectMei,NA
jeonwwh,NA
sinceritaee,NA
eternalstarjjk,NA
asidagreat,NA
BrendaRamosRod1,NA
bonsaibrei,NA
PornelosJoshua,NA
NurS_7Wings,NA
Reshmee_37,NA
iChuSana,NA
purplegirl_bts,NA
sinceritaee,NA
kim_lamtae,NA
bonsaibrei,NA
Taenisha4,NA
Jia06975391,NA
nay_v_,NA
btsblpinkworld_,NA
luvjungone,NA
beeautie3,NA
Amana_Aleemath,NA
Skuh8,NA
chaapiot,NA
VR_ARMY7,NA
happytinykoo,NA
cecil_Arg,cecil_Arg
BjpFront,NA
woncarts,NA
arisvoicephile,NA
dimpi_iiiii,NA
jk_190811_,NA
J2212V,NA
littlejiminie13,NA
lilroarroar1,NA
Utopi_BE,NA
unbotheredyoon,NA
btsblpinkworld_,NA
FelixsBrowniez,NA
happytinykoo,NA
Jennife28098947,NA
mEugee,NA
jiminthetical,NA
Amana_Aleemath,NA
Janelive2000,NA
Ashonell,NA
alfiyabaig_29,NA
yktv_czs,NA
heystopit9,NA
52Anushka,NA
jamievmin,NA
Davin_2000,NA
_YOUniverse613,NA
MaryampurpleBTS,NA
bngtanpoptitans,NA
benholicvarsha,NA
jkkcutiest,NA
taegiveIvet,NA
gen123d,NA
alfiyabaig_29,NA
dilfholland,NA
CandaceG83,NA
omelas21,NA
purplearmy0907,NA
AlishaTSS,NA
whtbrds,NA
Soumyta1,NA
jungkochh,NA
Snaaaccc,NA
realmeloverRM1,NA
BrendaRamosRod1,NA
kthl00ver,NA
MaghnaD,NA
bcldsa,NA
tutuomo,NA
MinshiiJ,NA
Snaaaccc,NA
MadhurSmriti1,NA
bts_urwa7,NA
Rachel00806134,NA
Mooncherry28,NA
Nature0591,NA
Uwie280371,NA
kthsnowball,NA
crystalsnowist,NA
Sreethikabts,NA
monoroses09,NA
_wintertaehyng,NA
micasajeon,NA
jamievmin,NA
RMSweet9,NA
taetaemimir,NA
BrendaRamosRod1,NA
Snaaaccc,NA
0mpriya,NA
taesdeepvoice_,NA
KookSweetNoona,NA
sugacat_yoongi,NA
JamylaRivera,NA
Mooncherry28,NA
Snaaaccc,NA
iconicfelip,NA
strawbearytaee,NA
beeautie3,NA
BangtanVisharmy,NA
basopakemangkok,NA
denisecasss,NA
Rachel00806134,NA
bufftandilfs,NA
jongsungparkk,NA
monieworld,NA
adigyu,NA
I_am_done__,NA
Eva_268,NA
lovelyjmn613,NA
padilla_kei,NA
luvprodyoongi,NA
alfiyabaig_29,NA
kiki_archive,NA
BTS_SUPERMACY13,NA
byvantv,NA
liriumh,NA
babymochii_03,NA
BhNouha,NA
dionysusbieber,NA
_TayandTae_,NA
nekoyoong1,NA
ForeverbangtanO,NA
sassyjmp_,NA
Rachel00806134,NA
875HINEE,NA
joys_thoughts,NA
SnghnJ,NA
adigyu,NA
rockbison_26,NA
rhythm_122001_,NA
Zahira131095,NA
heycutipie,NA
Amana_Aleemath,NA
Snaaaccc,NA
BTS_girl_ot7,NA
JINMEOSJIN,NA
tiffany_jk2k2,NA
RMSweet9,NA
ReeARMY7,NA
bangtannniesss,NA
bak7bak7,NA
berna210329,NA
Notthesame777,NA
SimpleeTrill,NA
VR_ARMY7,NA
iAmSweety_SS,NA
dareasfolk,NA
Rachel00806134,NA
jiminshoneymady,NA
indian_amii,NA
shabana_javaid,NA
iconicfelip,NA
KookSweetNoona,NA
rockbison_26,NA
Rachel00806134,NA
kidamneshia,NA
0mpriya,NA
Amana_Aleemath,NA
Kpopvalee9,NA
rhythm_122001_,NA
votingbbmas0613,NA
bngtanpoptitans,NA
BrendaRamosRod1,NA
RuksarRai,NA
yktv_czs,NA
4ever4yoongi,NA
paralianess,NA
ffxx5617,NA
Bangtanteamo2,NA
NdellWerrr,NA
jazminmadera62,NA
popigirl10,NA
ParkTiya12,NA
SunnyAsmaa,NA
Amana_Aleemath,NA
LouderThanYou7,NA
4ever4yoongi,NA
RajLaxm69968250,NA
adigyu,NA
khushboobakshi8,NA
dionysusbieber,NA
padilla_kei,NA
KookSweetNoona,NA
tiffany_jk2k2,NA
aashh6_,NA
JamylaRivera,NA
plenvc,NA
yooongKIMin,NA
bonsaibrei,NA
esoR0708,NA
alfiyabaig_29,NA
dionysusbieber,NA
jiminbyheart,NA
Arunaa_S,NA
monoroses09,NA
iconicfelip,NA
FreePandaHugs,NA
ArmyfromButter,NA
taeswl,NA
miraeee16,NA
BTS_IG_Updates,NA
dionysusbieber,NA
Mariana____24,NA
allenhonorica,NA
Mng63142271,NA
adigyu,NA
ellemiese,NA
padilla_kei,NA
is_ash7,NA
Asmaa610kh,NA
BTSARMY89453925,NA
sunandashilpa88,btschartdata
babymochii_03,NA
alleyhues0T7,NA
JamylaRivera,NA
jjeonjoon,NA
missbriyana,NA
Snaaaccc,NA
Amana_Aleemath,NA
rjooniverse,NA
nisbtsot7,NA
iconicfelip,NA
Bangtanteamo2,NA
Amana_Aleemath,NA
elbgtnns,NA
BrendaRamosRod1,NA
BleedSeokjin,NA
caryl184,NA
thsskhw,NA
rllylostmymind,NA
Snaaaccc,NA
VanToehyung,NA
Skookie_078,NA
SQ2345,NA
wwh_jin_nie,NA
AteezInNewark,NA
_solu_machiii_,NA
taegguk_luv_,taegguk_luv_
wishingchan,NA
adigyu,NA
channieismybias,NA
susmirichard,NA
elbgtnns,NA
artz_cc,NA
pjmyd_,NA
S0JINKIM,NA
fault_of_solo,NA
theternaljoonie,NA
rainterbear,NA
artz_cc,NA
_Bubble_Bun_,NA
BodoHebat_,NA
CantTel07206167,NA
AteezInNewark,NA
BodoHebat_,NA
AshleyA027,NA
armydoyathang,NA
crissykulit,NA
juhii_21,NA
JamylaRivera,NA
tasuk_0721,NA
seonyeontannies,NA
adigyu,NA
borahaelisa,NA
jarexitic,NA
bts_urwa7,NA
BrendaRamosRod1,NA
thuylun18595,NA
Snaaaccc,NA
Rachel00806134,NA
eclectic_sam,NA
iifarmy7,NA
essie_pinkette,NA
BrendaRamosRod1,NA
snsnghnlvr,NA
kkook_tokki,NA
ali7_bts,NA
JenHope2313,NA
esoR0708,NA
hxzytae,NA
ilovebts_lol,NA
harithaj_,NA
padilla_kei,NA
juVrang,NA
mejinnie_,NA
Rachel00806134,NA
ladygaihla1,NA
cm_lizette,NA
_cieloruiz_,NA
arisvoicephile,NA
jeonrks,NA
monoroses09,NA
_TayandTae_,NA
abiksha_b,NA
Akshara79015676,NA
BTSARMY31237472,NA
ughmono_,NA
dpuniverse_bts,NA
hxzytae,NA
we_taekook,NA
bearearlyhere,NA
Y00NGIC0R3,NA
TAEKOOK199597_,NA
we_taekook,NA
mintxkoo,NA
JamylaRivera,NA
eukooia,NA
Mee_JK06,NA
BrendaRamosRod1,NA
we_taekook,NA
babymochii_03,NA
Akshara79015676,NA
KimMichi2,NA
Mary202110,NA
NSari1707,NA
_95soulmate,NA
sadppl92,NA
Lavv_twt,NA
abiksha_b,NA
STEM_Army,NA
SoHee_21,NA
imjk55572979,NA
Akshara79015676,NA
Ichibanes,NA
EletaeR,NA
Jiminsjam____,NA
CROWMYOON,NA
thesecrettae,NA
notzexke,NA
SoHee_21,NA
httpviatae,NA
yooongs93,NA
pikaaalipa,NA
harithaj_,NA
celesjjk,NA
buSshix,NA
jjhthexplore,NA
Chimchim1362013,NA
BrendaRamosRod1,NA
thuylun18595,NA
HOBISSBFF,NA
spidey5406,NA
btsoursafeplace,NA
taekmyhandd,NA
hoodlikegordon,NA
DOpenHeartHuman,NA
harithaj_,NA
BrendaRamosRod1,NA
FlamingDubu,NA
IrelandsMochii,NA
jeonyla,NA
viantikemala,NA
TaehyungTiffany,NA
IrelandsMochii,NA
soulmate_7_,NA
hoodlikegordon,NA
Borahaebts09,NA
jjminfairy,NA
crazyforjustme,NA
encprz,NA
gcfjkyy,NA
soulmate_7_,NA
ChrystalInfires,NA
jimnijeongguk,NA
BrendaRamosRod1,NA
Subumbra2,NA
pjmyd_,NA
jumpfireidol,NA
tae_kook4655,NA
Rodainaaaaaaaa,NA
_TayandTae_,NA
olavaira,NA
lilotuspjm,NA
hoodlikegordon,NA
btslover20201,NA
btskea7,NA
promisetaem,NA
BrendaRamosRod1,NA
SunnyAsmaa,NA
youknowme_10,NA
swatichaturved6,NA
theternaljoonie,NA
shofia384627,NA
JaneJiminie,NA
Finayiii,NA
mjLPnd,NA
isanya00,NA
hoodlikegordon,NA
pjmyd_,NA
gijeog_aegi,NA
Seoulkka,NA
stillwithtae7,NA
jeonyla,NA
supremacyBTS26,NA
garthika0404,NA
lllaudr_,NA
btskea7,NA
613709AFBF,NA
Jimingot_s,NA
Wheresmyangelfk,NA
Jiminsjam____,NA
Alice_393,NA
hoodlikegordon,NA
wency309,NA
tata_euphoria,NA
IngridCerna8,NA
btsdistrict,NA
BlomTaylin,NA
Mary202110,NA
supremacyBTS26,NA
olavaira,NA
inday_jeje,NA
k_lau_dia,NA
Rachel00806134,NA
mysevendevils,NA
IrelandsMochii,NA
illusionrecluse,NA
pritisha__,NA
IMehak7,NA
NamjoonGranger,NA
JkCulisuelta,NA
vhopelopy_,NA
zackofbf,NA
avi_Nukmah,NA
flterjmin,NA
613709AFBF,NA
sttrwbrry,NA
holyDuck0,NA
bangamyy,NA
zackofbf,NA
kthlqv,NA
sarahgirl1412,NA
hoodlikegordon,NA
rdhtljnnh_,NA
squishmoni,NA
EllieYing2,NA
7puzzle_pieces,NA
btskea7,NA
ChrystalInfires,NA
ZinHit_22019,NA
bunnybear_ph,NA
nojk31,NA
zackofbf,NA
Serna47785735,NA
_cyyrell,NA
pjmyd_,NA
Rachel00806134,NA
IbaranPena,NA
cutestcatsuga,NA
LOveAthena13,NA
Joonie_Km,NA
kookbangtanceng,NA
aoaspam,NA
EllenSm43027319,NA
babymochii_03,NA
Julie24640292,NA
PrincessParcon2,NA
zackofbf,NA
Rachel00806134,NA
ctrlkooks,NA
btkksd,NA
UthmaanKaranie,NA
jjhthexplore,NA
storyofpjm,NA
Kenma_09,NA
dokMerii,dokMerii
altogether7ever,NA
bazilah_hamid,NA
kimnaraaafeee,NA
Aroojbidbts,NA
amiiiyaaaa,NA
Rachel00806134,NA
zackofbf,NA
deewanikth,NA
nymph820,NA
MyLoveJiminie3,NA
expensive_yeoja,NA
jeonyla,NA
_nurrazizah,NA
IbaranPena,NA
vkoolopsia,NA
altogether7ever,NA
Kokocorns,NA
OT7kim_,NA
ggukskimchi,NA
IbaranPena,NA
Snuggles_twt,NA
hoodlikegordon,NA
YEOUBIxMANG,NA
elringsmoa,NA
AnnieNg96620628,NA
MileHuanca,NA
_nurrazizah,NA
MayuSChi,NA
ggukskieee,NA
aborahaemi,NA
min_astugD,NA
btsbighiit_,NA
ChrystalInfires,NA
fairietae_,NA
kth_ilysomuch,NA
B16121775,NA
hoodlikegordon,NA
PrincessParcon2,NA
bubypjms,NA
riingonouta,NA
KookieSan0107,NA
zackofbf,NA
jiniyunki,NA
Mixking12,NA
sparklesforkoo,NA
MyLoveJiminie3,NA
PrincessParcon2,NA
zackofbf,NA
bunnynajwa_,NA
DoubleBunnyok,NA
Rachel00806134,NA
tirednessmoon,NA
jichukosmos,NA
jimblesmochi,NA
PrincessParcon2,NA
lycrhaa,NA
ChrystalInfires,NA
asyhhmdn,NA
1013BESTBOY,NA
ImThatBadGirlJK,NA
Rachel00806134,NA
korejnjm,NA
DeniaOstar,NA
P1nKyS0ul,NA
DontCallMe_Stef,NA
kkuIyoongi,NA
BuBaeBae999,NA
iLouisss,NA
LuciaRu27892321,NA
koobbystarcandy,NA
PrincessParcon2,NA
M_SpringDay,NA
XOXO37516464,NA
thetriviaseesaw,NA
X_FairyLight_X,NA
07bangtan1313,NA
Alindalin3,NA
evelyn20593854,NA
KookSweetNoona,NA
_EternalFilter,NA
rayyy2702,NA
PrincessParcon2,NA
hoodlikegordon,NA
jiniyunki,NA
DontCallMe_Stef,NA
joonieinabeanie,NA
hey_7dorks,NA
_EternalFilter,NA
ChrystalInfires,NA
misysaladaga,NA
jiniyunki,NA
CherryD06983981,NA
kidamneshia,NA
ParkTiya12,NA
613x7,NA
alleyhues0T7,NA
evelyn20593854,NA
Bri_siv15,NA
zeeyaayaaw,NA
arianelovesbts,NA
nnajn_,NA
bubbletae7_,NA
TaetaeManoban,NA
Mixking12,NA
JMEONFILTER,NA
jiminsoftsmile,NA
PrincessParcon2,NA
minsgpdnim,NA
hoodlikegordon,NA
Serna47785735,NA
Ot7Liz,NA
thuylun18595,NA
Nova81569056,NA
jiminjammin,NA
areeba82,NA
PrincessParcon2,NA
koobbystarcandy,NA
my_time13,NA
DevArmyMoaEn_,NA
TinaTine07,NA
MyHomeBngtan,NA
pjmyd_,NA
Diya66995068,NA
jimiftkoo,NA
sope_is_true_,NA
DevArmyMoaEn_,NA
Vishnup29868789,NA
biasaddict,NA
DOpenHeartHuman,NA
ChrystalInfires,NA
heartsfortae30,NA
tasuk_0721,NA
DevArmyMoaEn_,NA
TinaTine07,NA
MyLoveJiminie3,NA
sope_is_true_,NA
Revathi71484212,NA
njmjpkj,NA
peachytaelly,NA
AteezInNewark,NA
Jaquely20353568,NA
P1nKyS0ul,NA
0709x0613,NA
XOXO37516464,NA
v3sus2,NA
DuttaBaishali,NA
evelyn20593854,NA
PrincessParcon2,NA
micaeluuuhhh,NA
jisukittyy,NA
ttannies7,NA
MrsJungHoseok94,NA
Diya66995068,NA
koobbystarcandy,NA
BTSiss7,NA
bleusides,NA
cut1ech1m,NA
mimijm9,NA
PrincessParcon2,NA
Peachyxxtae,NA
itzaarushi,NA
Elizabe38120821,NA
bbabangborahae,NA
JVNGKOOK_______,NA
Diya66995068,NA
moona_king,NA
ylpyourss,NA
BTSPotatoFriend,NA
soobreadi,NA
Mixking12,NA
PrincessParcon2,NA
dianacrunchie,NA
ylpyourss,NA
ElysianTaedream,NA
jiniyunki,NA
_a_i_a_g,NA
ot7_subha,NA
PrincessParcon2,NA
Mng63142271,NA
anyashiii,NA
sultanamosleha1,NA
Mixking12,NA
kthtoge,NA
b_utt3rfl_y,NA
chumminshi,NA
julianloraine,NA
PrincessParcon2,NA
_a_i_a_g,NA
jinslovestory,NA
rayyy2702,NA
ChrystalInfires,NA
skBTSenthusiast,NA
soobreadi,NA
shabana_javaid,NA
PrincessParcon2,NA
sope_is_true_,NA
FathimathNajiha,NA
jmkookie07,NA
MAYALOVES875,NA
soobreadi,NA
dokMerii,NA
JVNGKOOK_______,NA
PtdJoy,NA
parayoon_,NA
jeontaekooz,NA
PrincessParcon2,NA
JVNGKOOK_______,NA
rayyy2702,NA
thirs_TAE_,NA
belledejoon,NA
soobreadi,NA
bangtanlete,NA
PrincessParcon2,NA
zsanzsan_,NA
omunomnamu,NA
Diya66995068,NA
bellaahmadku,NA
JJKWOJAH,NA
XOXO37516464,NA
TinnyRm,NA
potaetojay_,NA
IngridCerna8,NA
AnimonieH,NA
thirs_TAE_,NA
danae_ot7,NA
Mrinmoyee0716,NA
tirednessmoon,NA
sally_pdf,NA
JJKWOJAH,NA
rayyy2702,NA
michimeowtv,NA
PrincessParcon2,NA
soobreadi,NA
spamcart_,NA
thirs_TAE_,NA
Jikooookie1,NA
aliteyuh,NA
Diya66995068,NA
Daniella070301,NA
j4hop,NA
PrincessParcon2,NA
Sourav09837593,NA
Moni77224539,NA
sally_pdf,NA
tirednessmoon,NA
julianloraine,NA
Luna48622002,NA
jinidle,NA
PrincessParcon2,NA
Avalon_Shadow,NA
rayyy2702,NA
sugariesweetstn,NA
MinahilZafar4,NA
sally_pdf,NA
thirs_TAE_,NA
FathimathNajiha,NA
jinidle,NA
Diya66995068,NA
eveliana6,NA
Writer_on_ice,NA
zeeyaayaaw,NA
PrincessParcon2,NA
sarahgirl1412,NA
LUVVV0909,NA
soobreadi,NA
danae_ot7,NA
Diya66995068,NA
7btsworld1899,NA
Zalika0930,NA
P1nKyS0ul,NA
AlyaaCl,NA
Beki_Snowflake,NA
ourmoonboy,NA
koostllwthy,NA
anisafit14,NA
baileyswalker_,NA
Anzeen8,NA
Zalika0930,NA
Diya66995068,NA
BadGyalDi,NA
dsimpforot7,NA
svan96maskup,NA
P1nKyS0ul,NA
PrincessParcon2,NA
Bangtan7_TTU,NA
K00ki3ss,NA
sally_pdf,NA
xoxodrunkk,NA
soobreadi,NA
minggu_zi,NA
Sugaondafloor,NA
PrincessParcon2,NA
rayyy2702,NA
fyaspov,NA
helen96344051,NA
BTS_OT7_JK,NA
vkimchiii,NA
sally_pdf,NA
FathimathNajiha,NA
w7ntercoffe8,NA
Christi02850066,NA
PrincessParcon2,NA
yoongiwiggle,NA
sally_pdf,NA
julianloraine,NA
thepurplelining,NA
bangtanpouts,NA
sillyrarisa,NA
kathyxmay,NA
Grace_kozo,NA
PrincessParcon2,NA
bulan_tala,NA
MizLicketySplit,NA
Vanitha90586822,NA
MiaRicafort,NA
NazurahtulZhirh,NA
w7ntercoffe8,NA
bamtanniexo,NA
DCLeandra,NA
cartzhee,NA
MinHana931,NA
athaea,NA
elringsmoa,NA
DeniaOstar,NA
ramitasri_k,NA
pissatay47,NA
_kookhul_,NA
jinki_dy,NA
sally_pdf,NA
thaakirahsamaai,NA
jk120613,NA
wwqqqqqqh,NA
micmicbung3e,NA
trianglegim_bap,NA
yvaineinshadows,NA
sowoozoojoon,NA
nanaaact,NA
ethersljimin,NA
kimr_j,NA
XOXO37516464,NA
AntonellaYuriko,NA
OSTbyViscoming,NA
bangtansjo,NA
7btsworld1899,NA
izmeeka,NA
vlskoya,NA
maulofthesoul,NA
XOXO37516464,NA
vantae_sn,NA
Mylalalalaskie,NA
Mary202110,NA
Kookglitter,NA
im_tecna,NA
dmalditaqueen,NA
jungkokieepogi,NA
estefaemart,NA
PrincessParcon2,NA
__beatrizzz___,NA
thaisvr96,NA
sulani_pomodya,NA
Vminshi_,NA
tata_euphoria,NA
bts_is_life1401,NA
PrincessParcon2,NA
Es1_Violet,NA
divineseokjin,NA
israburcu,NA
zoGhiscari,NA
FatimaM82482128,NA
Diya66995068,NA
EuphoriaB7,NA
ridafat56501149,NA
PrincessParcon2,NA
7btsworld1899,NA
diszkook,NA
erntas06,NA
neumo7,NA
jiminsoftsmile,NA
clownacademia,NA
PrincessParcon2,NA
RTMM31754110,NA
Fabisyra,NA
theterriblenap,NA
Baellawinxcityx,NA
PrincessParcon2,NA
namfishjin,NA
bangtan_btshope,NA
yen_lestrange,NA
itsyoongis,NA
Baellawinxcityx,NA
kthtoge,NA
gabbryden,NA
tahi_tafannom,NA
koobbystarcandy,NA
IUkthingz,NA
BlackSw31648369,NA
_beasrsp,NA
julianloraine,NA
My_Sugakookies,NA
XOXO37516464,NA
starfirejimin,NA
PrincessParcon2,NA
Serna47785735,NA
bangtan_flavour,NA
Baellawinxcityx,NA
VinodKumarr2002,NA
wiliwilijin,NA
_yoongsbangtan_,NA
Serna47785735,NA
taeli_7,NA
bangtan_flavour,NA
PrincessParcon2,NA
garthika0404,NA
justfangirli,NA
just_kmh,NA
pjjchimmy,NA
musfikur021,NA
PrincessParcon2,NA
Ageejoon,NA
Krish99692258,NA
4dayscreature,NA
miniwakookie,NA
PrincessParcon2,NA
inamysir,NA
jiminssigf,NA
nini_w_luv,NA
im_tecna,NA
heavenschimj,NA
___cHiMmY_,NA
WinterRainbow4,NA
koobbystarcandy,NA
AdhyaAgarwal,NA
tata_euphoria,NA
purplebldbtch,NA
ksjwluvvv,NA
Aestheticreels1,NA
Mary202110,NA
inlovewithsope,NA
LivaHappy,NA
namuunchild,NA
PrincessParcon2,NA
jaonaidharse,NA
ceiarendipityyy,NA
kthkookiie,NA
PrincessParcon2,NA
jiminssigf,NA
Baellawinxcityx,NA
sleeepykoya,NA
Aestheticreels1,NA
BIGGESTGROUPBTS,NA
Chokoo_chip,NA
Minsuga_Fairy,NA
ravina_ferrer,NA
GRLWITHLUV7,NA
ggukeyy,NA
jiminssigf,NA
77motorcycles,NA
itsabeerhassan,NA
tokkimun,NA
ggukeyy,NA
Whalien_52hrz,NA
mj14199,NA
sorrybadda,NA
musichealsdsoul,NA
CoolBoomBenJa,NA
bts_butter18,NA
me_voidfrog,NA
LoveWithAllYou,NA
sugarap1993,NA
Baellawinxcityx,NA
uhgoodjeons,NA
BANGTANsWifey07,NA
jkitsagustd,NA
minieyoongle,NA
titly0120,NA
taeg7koo,NA
neumo7,NA
tae_ismybae95,NA
alecious7,NA
monigotjams,NA
_deartaetae_,NA
YooniesQueen,NA
sally_pdf,NA
bonsai_2920,NA
yoonlvss,NA
qtiehobie,NA
alineadh19,NA
Singularitatae,NA
wanderjoonie,NA
bns_geniuslab,NA
hyeliz22,NA
nhhhana,NA
bangwoolala06,NA
avantaebear,NA
PrincessParcon2,NA
syubs9395,NA
jiminbyheart,NA
V_kingdaegu,NA
im_tecna,NA
wilder27603497,NA
milli_green0613,NA
Bts_In_Army_twt,NA
smd_za,NA
chewinle,NA
sally_pdf,NA
ggukbs_xx,NA
blushingk00,NA
D1aphanousBTS,NA
purpleheartemji,NA
Sahra1236,btsvotingorg
sally_pdf,NA
V_kingdaegu,NA
kkmjpkjs7,NA
PrincessParcon2,NA
MArevalo936,NA
baddbadbyee,NA
IOt7army,NA
sunkissedyoonie,NA
PrincessParcon2,NA
vantedeu,NA
MArevalo936,NA
Ishani2208,NA
bangtanbaeys,NA
jeonryry,NA
M00NY07,NA
shookyisacookie,NA
ccdmn_,NA
bts_shanta,NA
bb_bwnlk,NA
STAYBTS7,NA
MArevalo936,NA
wntrsol,NA
MayMyoAung9,NA
PrincessParcon2,NA
Kpoplovel98,NA
taelepathy_v,NA
michaengsatzuyu,NA
Jendeukberry,NA
MayMyoAung9,NA
V_kingdaegu,NA
berriefairys,NA
gee12nette,NA
ravina_ferrer,NA
rescuedbybts,NA
sjslxrj,NA
MayMyoAung9,NA
PrincessParcon2,NA
dsjxbts,NA
new_miis0___,NA
doublebunney,NA
_clarissasage,NA
ggukeyy,NA
Sahra1236,BTSChartDailyx
MayMyoAung9,NA
ddeokmochi,NA
ridafat56501149,NA
JessieH15771240,NA
ana_iyang,NA
artmusic_be,NA
Quoyah131,NA
4thsummerstreet,NA
MayMyoAung9,NA
iam_Curlylocked,NA
not7withyou,NA
_army1987,NA
Serna47785735,NA
jkborahae,NA
jinmyjinnie,NA
taekinover,NA
MayMyoAung9,NA
Krish99692258,NA
MeLiSsA39128210,NA
jiminbyheart,NA
amiajinya,NA
MayMyoAung9,NA
PrincessParcon2,NA
yashyoongi,NA
Serna47785735,NA
Begintannies,NA
lourishanaaa,NA
Quin95552366,NA
ravina_ferrer,NA
Serna47785735,NA
SummerSpirit90,NA
X_psych_X,NA
BtsManjima,NA
MayMyoAung9,NA
serenple,NA
augustmoondp,NA
philograsiya,NA
MayMyoAung9,NA
bxddie_ot7,NA
alecious7,NA
Deku4355946,NA
_stxck,NA
kookachu_01,NA
MayMyoAung9,NA
Mary202110,NA
Taejimin03,Taejimin03
Quin95552366,NA
Delneity,NA
BrianJoanne,NA
Hedieh31870808,NA
Bangtan4ever777,NA
AdhyaAgarwal,NA
yondaimeis,NA
MayMyoAung9,NA
blue_and_tae,NA
Serna47785735,NA
PrincessParcon2,NA
ninichanlee,NA
AdhithiUday,NA
bts_meww,NA
JJK_zzz,NA
sunainagrey,NA
MayMyoAung9,NA
berriefairys,NA
astrnxva,NA
thatseyeliner,NA
LoonyWarrior,NA
Quin95552366,NA
PrincessParcon2,NA
QEllaTan,NA
heyoMary,NA
MayMyoAung9,NA
alexxbangtan,NA
len_magdalenaa,NA
Quin95552366,NA
Serna47785735,NA
enhapvn,NA
nhhhana,NA
_saylaraa,NA
leslietendo,NA
hobismysmile,NA
BadGyalDi,NA
Youdont81694913,NA
Tessa_BabyCrab,NA
MayMyoAung9,NA
uzaaaaiiiir,NA
TalaAlao,NA
Quin95552366,NA
minevpayo,NA
leztirf23,NA
cooukyy,NA
Thesecretangel5,NA
ravina_ferrer,ravina_ferrer
bestienihobi,NA
mylollies7bts,NA
hobismysmile,NA
poingskrt,NA
FathimathNajiha,NA
Dariana32522101,NA
kookyfm,NA
taeppyness,NA
Quin95552366,NA
vantesvitch,NA
MayMyoAung9,NA
PrincessParcon2,NA
homeinbts7,NA
yOOngistangarin,NA
MayMyoAung9,NA
soovflwr,NA
IUkthingz,NA
Quin95552366,NA
hobismysmile,NA
Quin95552366,NA
ryuminating,NA
krlesll,NA
BTS7Dreamz,NA
PrincessParcon2,NA
goldendays1346,NA
wann4behappier,NA
ILOVETAEHYUNGY,NA
AthenaSephia,NA
PrincessParcon2,NA
taetaethickass,NA
Chimjiminkookie,NA
taetaexs_,NA
Diya66995068,NA
taetaexs_,NA
Jordana77098974,NA
PrincessParcon2,NA
BadGyalDi,NA
GiroMant,NA
expensive_yeoja,NA
j1woniecxrt,NA
PrincessParcon2,NA
xcx1997,NA
BangtanBellOT7,NA
PrincessParcon2,NA
PrincessParcon2,NA
Diya66995068,NA
jikook_moment,NA
xcx1997,NA
TalaAlao,NA
hyeliz22,NA
MercyWantah,NA
jeonnxm,NA
jikook_moment,NA
jeamilolx,NA
ThinHng44304607,NA
titik_rinduku,NA
sayskimchiii,NA
64dzny,NA
_stxck,NA
smclmly,NA
AYOBa3psae,NA
HazelDeKatic,NA
miraaaamnsr,NA
PrincessParcon2,NA
itssnig,NA
AngSUGArbaby,NA
xawrtluwx,NA
HoriKyoukojeon,NA
Kimaletaekook,NA
ivelizwave,NA
Lizbeth78076719,NA
PrincessParcon2,NA
jikook_moment,NA
_stxck,NA
tt_untold,NA
ReesrP_1313_,NA
OT7kim_,NA
pearl_ktbspa,NA
AlaHajjaj,NA
jjaybiie,NA
_xiacmx_,NA
PrincessParcon2,NA
zoroisexy,NA
buzzshownetwork,NA
eszter_barany,NA
ImThatBadGirlJK,NA
PurpleGalaxyOT7,NA
BeeStronq,NA
ILOVETAEHYUNGY,NA
butterbts2109,NA
PrincessParcon2,NA
Juliet63184194,NA
saintguccii,NA
jkbaebay,NA
47Pranali,NA
butterbts2109,NA
sexckook_,NA
siinshiro,NA
47Pranali,NA
bts38721147,NA
jmsfolder,NA
ILOVETAEHYUNGY,NA
CadlicSea,NA
_vkook13,NA
PrincessParcon2,NA
babysuga_7,NA
47Pranali,NA
micdrpyoongi,NA
somebodydopee,NA
alleiram_,instagram
SK_btsforever,NA
PrincessParcon2,NA
Loverameee,NA
BtsFanG86735125,NA
47Pranali,NA
JeonJeyKay,NA
awlisz,NA
PrincessParcon2,NA
StefanyAlvarezE,NA
BTS_IG_Updates,NA
pjmslover,NA
btrzcart,NA
ILOVETAEHYUNGY,NA
fdiannee,NA
kysumyn,NA
kim_TEO_dyyy,NA
JKth_otssluv,NA
AdhithiUday,NA
Purple_Kore,NA
47Pranali,NA
radhiahazamm,NA
__selss,NA
rishavage77,NA
dina30101,NA
Ts_Karla_,NA
BTSOfficialPHIL,NA
sjynzoned,NA
PrincessParcon2,NA
minimonimochi__,NA
antoniaab__,NA
SazninTanha,NA
chewinle,NA
sudkobfah2,NA
PrincessParcon2,NA
Loverameee,NA
bts_busan_boys,NA
Noushee92216028,NA
liahkamal,NA
JKth_otssluv,NA
PrincessParcon2,NA
Th0r_Sh0t,NA
_stxck,NA
mahimaax_,NA
bts38721147,NA
Loverameee,NA
taranikzG,NA
ultsidong,NA
Taejimin03,NA
bts_busan_boys,NA
PrincessParcon2,NA
lustroustzuyu,NA
PrincessParcon2,NA
BOxigeno,NA
_stxck,NA
depressedchiq,NA
TH3OKISTOS,NA
ilinashf,NA
Latttaex,NA
bts_busan_boys,NA
rmshi2,NA
Vminkook30131_,NA
Sweetbunch07,NA
PrincessParcon2,NA
Windy50361197,NA
ssasykims,NA
im_tecna,NA
micdrpyoongi,NA
Celecari13,NA
qkdxks,NA
_keiku_,NA
btsarmyagustd13,NA
SaimaKh84923050,NA
Celecari13,NA
belieb_itskimmy,NA
PrincessParcon2,NA
kali_asik,NA
LuciaRu27892321,NA
QuiacDayanna,NA
Celecari13,NA
qkdxks,NA
jagriti_263,BTS_twt
_kimtaevvoo,NA
blossompeach15,NA
mintygphile,NA
JKth_otssluv,NA
hhyunkk,NA
PrincessParcon2,NA
bbpenguin08,NA
ilinashf,NA
PrincessParcon2,NA
lixiebubby,NA
Soft4Jinnie,NA
Unii_ii23,NA
PrincessParcon2,NA
Lilyweed2,NA
BNysmile,NA
im_tecna,NA
reba_davies,NA
PrincessParcon2,NA
reshmavv123,NA
JKth_otssluv,NA
qkdxks,NA
itsmeebillie,NA
Bluelunee,NA
_ot7_0613,KTH_News
PrincessParcon2,NA
Yqa89615459,NA
Sugandhi_pvt,NA
JKth_otssluv,NA
PrincessParcon2,NA
k0malski,NA
btsot7memberss,NA
kangaarow,NA
Kookbaring_97,NA
lyksvantae,NA
decanople_kv,NA
reshmavv123,NA
tiarasr03,NA
NIN7_twt,NA
k0malski,NA
micdrpyoongi,NA
sickphers,NA
PrincessParcon2,NA
thetriviaseesaw,NA
ShehzadiSamreen,NA
reshmavv123,NA
lejindaary,NA
agustD_yoongi0,NA
PrincessParcon2,NA
qkdxks,NA
urenair_ARMY,NA
SonyeondanAmy,NA
ItsLovely17,NA
Giggly_Koo,NA
reshmavv123,NA
Dilysya,NA
k0malski,NA
AngelicOT7,NA
angeljguk,NA
reshmavv123,NA
NavyathaVbts,NA
Yqa89615459,NA
MukthapuramGirl,NA
Becky060,NA
gcfglossvante,NA
P5BOvWDAvHszB4S,NA
Aerikim10_,NA
reshmavv123,NA
Yqa89615459,NA
Aerikim10_,NA
reshmavv123,NA
gaticafl,NA
PrincessParcon2,NA
dinaaisyh,NA
mgslviaa,NA
AngelicOT7,NA
shethesunflower,NA
shrootyyy,NA
_ParkSophie_,NA
dumbpuppytoy,NA
CheekyMJJ2129,NA
Amanda_5600,NA
nekosiren7,NA
euphoricallbts,NA
dinaaisyh,NA
_stxck,NA
shrootyyy,NA
vmkbns,NA
PrincessParcon2,NA
Becky060,NA
Amanda_5600,NA
Kayliling09,NA
pipersonyeondan,NA
redsalmonce,NA
k0malski,NA
zi4m,NA
ShaikhShahanaaz,NA
Noor68127299,NA
PranimaD,NA
angeljguk,NA
FatimaA93815612,NA
PrincessParcon2,NA
Dilysya,NA
anychan21,NA
Kayliling09,NA
priyankapriya9Z,NA
quirkykpopper,NA
yuyiraffee,NA
dinaaisyh,NA
Kookies__Milk,NA
Shairatess,NA
TH3OKISTOS,NA
AndreaRP1709,NA
sally_pdf,NA
squishymochiie,NA
Klasssoul,NA
lolipopstarrrrr,NA
RSyitx,NA
PrincessParcon2,NA
sally_pdf,NA
bonsai_2920,NA
Shettysahanaa,NA
lyslve,NA
Becky060,NA
PrincessParcon2,NA
sknmjeon7,NA
BTSis7Seven,NA
taetaethickass,NA
hlnacpngco,NA
MyLoveJiminie3,NA
atkamthwsmln,NA
GabrielDee1995,NA
PrincessParcon2,NA
ShaaiPoquita,NA
erethernal,NA
Beterf2,NA
dinaaisyh,NA
CrisYoon,NA
_stxck,NA
Daminis11992302,NA
bonsai_2920,NA
Amanda_5600,NA
_avoidey,NA
AngelicOT7,NA
Christi02850066,NA
PrincessParcon2,NA
vantaerie,NA
SwastikaBhatna1,NA
CrisYoon,NA
sally_pdf,NA
PrincessParcon2,NA
saidsavoy,NA
Klasssoul,NA
msCMQaya,NA
emomaknae,NA
reesaysss,NA
CrisYoon,NA
PrincessParcon2,NA
Bangtan02430774,NA
Ciel05478896,NA
Mafer3125235188,NA
hlnacpngco,NA
a_zero_oclock,NA
dinaaisyh,NA
BTS_isTheBrand,NA
holiwis1511,NA
sunkissedyoongi,NA
dinaaisyh,NA
PrincessParcon2,NA
k0malski,NA
ktaehyunmi,NA
ymvk_0713,NA
moonbyseokjinni,NA
Ciel05478896,NA
dinaaisyh,NA
SammyChloe05,NA
nvm_justash,NA
k0malski,NA
jeontaehyungxc_,NA
yooniverse9307,NA
frvrtaegguk_,NA
YnKIM32976345,NA
taesughoney,NA
happeebirthdae4,NA
ourlordyoongi,NA
binniestar_,NA
ugiesuga,NA
Jeondevils97,NA
Alja_188,NA
nadslmn_,NA
PrincessParcon2,NA
tressie_BTS,NA
mintygphile,NA
Ciel05478896,NA
OT7wreckedarmy,NA
lilonekook,NA
nnattt01,NA
saidsavoy,NA
xoxodrunkk,NA
Jeondevils97,NA
urenair_ARMY,NA
ShaaiPoquita,NA
LISAMVISUALL,NA
sudkobfah2,NA
Noor68127299,NA
mintygphile,NA
svnbangtanxx,NA
sunghooniecityx,NA
multivitamins_9,NA
PrincessParcon2,NA
happeebirthdae4,NA
sampalok14,NA
taehyungiesmine,NA
moonksj_yunn,NA
black_swan_9,NA
JKth_otssluv,NA
ItsLovely17,NA
Desserey14,NA
k0malski,NA
Magdahoseok7,NA
joannaluvzayn,NA
mintygphile,NA
hellawoozi,NA
jooniekedimples,NA
_hey_Jaja,NA
LISAMVISUALL,NA
JKHandTattoo,NA
PrincessParcon2,NA
iloveyoongism,NA
mrgrmdo,NA
happeebirthdae4,NA
AYENNNAHH,NA
k0malski,NA
emilcebelen17,NA
Natashazwani_,NA
ktaehyunmi,NA
mylollies7bts,NA
AYENNNAHH,NA
Ciel05478896,NA
Vantaeee9,Vantaeee9
ys0_pjm,NA
JKth_otssluv,NA
mllydlny,NA
razia_zia,NA
Lachim0llala,NA
jhayejhaye,NA
Busan_boyyy,NA
k00sk1tty,NA
mettew_jin,NA
mintygphile,NA
nekosiren7,BTS_twt
illumisjuicypp,NA
mintygphile,NA
yoni_mini,NA
purpleheartaee,NA
SpaceSneha,NA
yoobeep,NA
Ciel05478896,NA
bbchiminlovers,NA
nanah_vts,NA
JKHandTattoo,NA
_lomls,NA
Army_Bt7s,NA
PrincessParcon2,NA
LISAMVISUALL,NA
urhotgirlcoach,NA
ConvoStory,NA
PrincessParcon2,NA
decanople_kv,NA
tetebejks,NA
2_3_134340,NA
illumisjuicypp,NA
elayis25,NA
vantedreamyy,NA
wxyz032,NA
pdyoungjo,NA
sally_pdf,NA
Ciel05478896,NA
TheFanGirl_BTS,NA
lovinbaeee,NA
lokifiedARMY,NA
ggukbs_xx,NA
JKth_otssluv,NA
bitipoptitans,NA
PrincessParcon2,NA
ElyShing,NA
soobgyux,NA
sally_pdf,NA
PrincessParcon2,NA
bbchiminlovers,NA
LISAMVISUALL,NA
zirconiascalf,zirconiascalf
PrincessParcon2,NA
JkxVee_twt,NA
fatemaaa_06,NA
PrincessParcon2,NA
parrishilt0n,NA
JKth_otssluv,NA
dipu1371,BTSIGInfo
kajjafeeluvs,NA
xxmfbitchxx,NA
RiskaauliaNura2,NA
HoriKyoukojeon,NA
PrincessParcon2,NA
h0onified,NA
ninetripleight,NA
k0malski,NA
NinaRaboy,NA
wintervcarts,NA
kjasminee_,NA
Kimparita,NA
aananana_a,NA
koogives,NA
Natashazwani_,NA
decanople_kv,NA
w_ndylyn,NA
Julia_M19700,NA
PrincessParcon2,NA
tan_agotchi,NA
pengucub95,NA
04minwon,NA
HoriKyoukojeon,NA
julianloraine,NA
SpaceSneha,NA
bonsai_2920,NA
btsluvinghours,NA
Jiminish95,NA
MinJenna4,NA
Ciel05478896,NA
JKth_otssluv,NA
miss_jiminshii,NA
ishaarehman,NA
bucinLDR,NA
Subs36,NA
sally_pdf,NA
mintygphile,NA
ielyxx,NA
priyankapriya9Z,NA
PrincessParcon2,NA
JANKRISHAAA_5,NA
ResaAzzahra1,NA
sally_pdf,NA
JANKRISHAAA_5,NA
PrincessParcon2,NA
FAUXJJK,NA
sally_pdf,NA
oeiav,NA
JustinR77583755,NA
lalilvszayn,NA
yulliememe,NA
diyamochi,NA
sally_pdf,NA
PrincessParcon2,NA
sally_pdf,NA
abigailformoso_,NA
shagun64137690,NA
Klasssoul,NA
_mhlvvvvvvvvvvv,NA
slvrwyy,NA
vjjkbts,NA
tee_vante,NA
gladiolus_ab,NA
Shairatess,NA
JKth_otssluv,NA
PrincessParcon2,NA
taetaebeaarr,NA
cydsay,NA
Rossseee_BTS,NA
bngtneli,NA
bangtiva,NA
sally_pdf,NA
BTSarmyItaly_,NA
Klasssoul,NA
sally_pdf,NA
slvrwyy,NA
kookie_penguin,NA
sally_pdf,NA
kthyuna_,NA
itsmeclyreg,NA
Binuki3,NA
PrincessParcon2,NA
irobrob_,NA
sally_pdf,NA
purple_occean,NA
taebbyloo,NA
mybangtinyboys,NA
zirconiascalf,zirconiascalf
sally_pdf,NA
JKHandTattoo,NA
jaosamutt1,NA
amethyst_ot7,NA
sugarattack14D2,NA
sally_pdf,NA
http_junghsk,NA
pearl_ktbspa,NA
Ami_ley15,NA
BTSarmyItaly_,NA
ninaborahae,NA
sevenplusarmy,NA
Alexaray123,NA
RiskaauliaNura2,NA
dionysusbieber,NA
Klasssoul,NA
ParkTiya12,NA
wintervcart,NA
_Girl_dreaming,NA
purple4lyf,NA
ninaborahae,NA
Klasssoul,NA
ninaborahae,NA
purple_occean,NA
ahreum_95,NA
minielocket,NA
ninaborahae,NA
btstaendard,NA
minSyub_,NA
kham_khomg,NA
Tulip19670802,NA
ree_dyaningrum,NA
anastasya1501,NA
jerlynmaeA1,NA
aegyoonamjoon,NA
btstaendard,btsinthemoment
jjkgaIaxy7_,NA
Klasssoul,NA
taehyungiesmine,NA
Miguel95659177,NA
gel8tin,NA
Khrsmh_1011,NA
njhannn,NA
ninaborahae,NA
taekook_lover16,NA
lunabear__,NA
Khrsmh_1011,NA
snowfloweer7_,NA
_mydreambts_,NA
itsnotmedumboo,NA
hArU48511702,NA
olyharshitha,NA
canissminor,NA
acepmh06,NA
gel8tin,NA
bangbangtanxot7,NA
seokjjan,NA
melissa5555559,NA
nfrhanah_,NA
Lucas_xxx2222,NA
kookodrilito,NA
nushkaforyou,NA
sally_pdf,NA
slsabial,NA
vtaejs,NA
Tylah69271810,NA
ninaborahae,NA
sandyyjxjx,NA
ilazyair_,NA
kimtaemarta12,kimtaemarta12
purple_occean,NA
iraaaz_,NA
itsmewuho_,NA
abigailformoso_,NA
a_biegail,NA
swevenjeon,NA
Lalissaa_3,NA
Mhyhogiamriinku,NA
kooksbb,NA
purple_occean,NA
wiiinterella,NA
_maesyyy,NA
fratboyfred_,emobrockenkid
beartaehyungi,NA
SammyChloe05,NA
DTownKing,NA
matcayogurrt,NA
httpdonewu,NA
DianixCreations,NA
lydiajonnie,NA
_maesyyy,NA
Jazmin090103,NA
raseatae,NA
triviadue2jin,NA
Jastliveurlife,NA
httpdonewu,NA
SammyChloe05,NA
JKth_otssluv,NA
Suchitr11909652,NA
RoviFe93,NA
Klasssoul,NA
Malak_Sh7,NA
Tulip19670802,NA
Ariawang_,NA
krystalmoonchi,NA
httpdonewu,NA
LeianAthinaC,NA
zirconiascalf,zirconiascalf
wo__oyoungi,NA
BellaNavarro7,NA
loveperth72,NA
oookep1er,NA
Klasssoul,NA
Bykaarroaster,NA
lachibolala_18,NA
FarhatMunawara,NA
rowenavilareno,NA
gaticafl,NA
rjshjjv_ami,NA
LeianAthinaC,NA
SmrutiPatil8,NA
anastasya1501,NA
Andreea7BTS,NA
yeonjunthsnflwr,NA
taekookjooniee,NA
jakeigop15,NA
AsmaFareh1,NA
Jungwon0902004,NA
pandongiecarts_,NA
euphoryez,NA
OrbisoDanielle,NA
gel8tin,NA
mawiijkjeong7,NA
chestkook,NA
gel8tin,NA
dreyes10_tipys,NA
yeonjunthsnflwr,NA
SEOJOON_16,NA
allyss_ia,NA
ellia_joi,NA
httpdonewu,NA
al_navila,NA
gel8tin,NA
chestkook,NA
kkuktaels,NA
GreyMoonchiId,NA
gel8tin,NA
dreyes10_tipys,NA
dreyes10_tipys,NA
meaniecheonsa_,NA
JinJinJaarah,BTS_twt
allyss_ia,NA
autietime,NA
MiniTaeh,NA
httpdonewu,NA
TaeIsBoon,NA
Klasssoul,NA
kent_be_yours,NA
bts_twt_rtwt,NA
elisa_shoki0,NA
husfar_rina93,NA
AXiumin,AXiumin
allyss_ia,NA
Heeji1725,NA
myenhauls,NA
MiniTaeh,NA
yeonjunthsnflwr,NA
chestkook,NA
parkjiminfairy,NA
Annemsmb,NA
gguk_baring,NA
Nishi53762248,NA
meaniecheonsa_,NA
jinminhug,NA
ddexnu_Min,NA
im_rmps,NA
magictraggicc,NA
Andreea7BTS,NA
LuciaRu27892321,NA
smigoldong,NA
anastasya1501,NA
kookiepottie,NA
ddexnu_Min,NA
GreyMoonchiId,NA
yeonjunthsnflwr,NA
ryjcarts,NA
pjmlvsty,NA
s_a_m_s_i_e,NA
xcx1997,NA
anastasya1501,NA
JUSTmewwgulff,NA
butter_jeon_,NA
AlmaCazares2,NA
prernamistry,NA
chestkook,NA
xcx1997,NA
yeonjunthsnflwr,NA
joonseraphim,NA
Tulip19670802,NA
meaniecheonsa_,NA
anastasya1501,NA
Karlahopeworld,NA
Klasssoul,NA
martinez2121223,NA
aya7_be,NA
yeonjunthsnflwr,NA
xcx1997,NA
merchdumpp,NA
i_huViiie,NA
zoemaehanna07,NA
Andreea7BTS,NA
smileswithtete,NA
Iamsadha1,NA
xcx1997,NA
emobrockenkid,NA
anastasya1501,NA
SUGAry_Coffee07,NA
Jay_Alexiab,NA
empire_bangtan,NA
Carmymoa13,NA
somekookk,NA
msjanxh,NA
xcx1997,NA
devasree_dl,NA
vamethystv,NA
_mydreambts_,NA
anastasya1501,NA
xcx1997,NA
anitaalz1,NA
Gogoborahae,01Btsxarmy
wwhKjinnie04,NA
Andreea7BTS,NA
SPrakunhung,NA
dreyes10_tipys,NA
Ifgguk_lixv,NA
Samridhi072006,NA
pengoowiin,pengoowiin
JeonJun48740640,NA
xcx1997,NA
yeonjunthsnflwr,NA
Jungkoo09531074,NA
empire_bangtan,NA
JeonJun48740640,NA
prrnsioprrapio,NA
Andreea7BTS,NA
empire_bangtan,NA
Sorayah1940,NA
MinNamKook92,NA
kiki_archive,NA
Liki_twt,NA
dawn_midnight24,NA
isratnur1,NA
jeontaehyungxc_,NA
Pihu24558904,NA
gaticafl,NA
Andreea7BTS,NA
rimmu_ot7,NA
ThisIsTaeCult,NA
alsminkook,NA
KSJIN29,NA
moonchildof7,NA
tkhauls,NA
Andreea7BTS,NA
AnchalG14733261,NA
IUkthingz,NA
Malak_Sh7,NA
jkthkookv,NA
dreyes10_tipys,NA
jyunwonie,NA
gamerguy2002,NA
anastasya1501,NA
itstaetae613,NA
BTS_ot7au,NA
Andreea7BTS,NA
dreyes10_tipys,NA
lastandforemost,NA
_nikitties,NA
Carmymoa13,NA
Siaaa143,NA
seokjinsgaygf,NA
MinnyBitna,NA
vitannies,NA
i6woni,NA
aestaeithcally,NA
Taeutifuul,NA
psj_park16,NA
itstaetae613,NA
zeicityx,NA
bestofyessi,NA
chestkook,NA
Andreea7BTS,NA
LuciaRu27892321,NA
Anushkayarrr,NA
khushboobakshi8,NA
kimmy6113,NA
minminyg93,NA
Heeji1725,NA
junghobimang_,NA
ushanakundu,NA
alwaysprkjmn,NA
jooniecesus,NA
jkthkookv,NA
lei_with_luv,NA
chestkook,NA
ibelieveinBTS7,NA
ggukskimchi,NA
TrishaM75026040,NA
Singularity1430,NA
jkthkookv,NA
itstaetae613,NA
Aadya88115520,NA
BTSis7Seven,NA
jhope_hobiii18,NA
CommittedToBTS7,NA
LuciaRu27892321,NA
BtsKreamOT7,NA
seoulpop_twt,NA
tanniesIuvr,NA
enhypenchamber,NA
CommittedToBTS7,NA
Svkimtae,NA
bubblechim,NA
dreyes10_tipys,NA
joonhill,NA
zirconiascalf,zirconiascalf
brazodejwcarts,NA
Jasmine22059893,NA
CallmeSina5,NA
CommittedToBTS7,NA
kthyuna_,NA
bngtnnaebom,NA
CommittedToBTS7,NA
Malak_Sh7,NA
ddeocart,NA
Klasssoul,NA
lbngtnw7_,NA
umiminadzirah,NA
duolilmin,NA
ggukskimchi,NA
barba_maylyn,NA
xcx1997,NA
taeallfirebowow,NA
dearsputniksj,NA
yoonminicart,NA
AnggitaChandra_,NA
ggukskimchi,NA
lia_ntsh,NA
_jaysmahiwaga,NA
ssynki_,NA
_strdst_23,NA
javuniversee,NA
chrstn7bellen,NA
MyGoodLuckFace,NA
xoxodrunkk,NA
Lizbeth24884521,NA
lv7starz,NA
ExoLeia,NA
faybear21,NA
anastasya1501,NA
_strdst_23,NA
ssynki_,NA
jikooklifeu7,NA
fyfie__,NA
xcx1997,NA
CommittedToBTS7,NA
beatrizzzzzee,NA
ssynki_,NA
bts_vvmkonfyh,NA
renzekatae,NA
xcx1997,NA
_strdst_23,NA
i8teez,NA
_Abhishek_625,NA
KoreSeokjin,NA
vx_lust,NA
zzzjust001,NA
kookytann,NA
i8teez,NA
namjoonthoughts,NA
_m_ikz_,NA
HestiaGail,NA
Svkimtae,NA
isabel_veena,NA
mysjpark,NA
i8teez,NA
xcx1997,NA
massivetae1,NA
anastasya1501,NA
army_stay0105,NA
Kohlian_luvlush,NA
samar44264310,NA
its_NaidaGomez,NA
Btsoneondan1,NA
Klasssoul,NA
Shriyanshichit1,NA
krishnattall,NA
IshilStone,NA
Shairatess,NA
Fusiion9,NA
its_NaidaGomez,NA
johnsputa,NA
HestiaGail,NA
staticexiv,NA
skjilysm,NA
i8teez,NA
chocomatchae,NA
KSJIN29,NA
jjk_ggwp,NA
Sunshineh0biOT7,NA
BuesoCatherine,NA
HestiaGail,NA
Jylinn2,NA
httpkookoo,NA
i8teez,NA
pem_choc,NA
xcx1997,NA
annie_cvz,NA
cheesecartt,NA
chocomatchae,NA
KSJIN29,NA
LanaAKAdelrey,NA
MYooniverse___,NA
zeleniaaaa,NA
i_dwnv,NA
iwishnooneknow1,NA
1D_BTS_twt,NA
guccibeartata,NA
zirconiascalf,zirconiascalf
MiaRicafort,NA
ashmhir,NA
Ljuuk1,NA
yonggimin09,NA
i8teez,NA
kymonsterweee,NA
Taehyun49307911,NA
HestiaGail,NA
javaljust,NA
jieunqtiepie,NA
joonhill,NA
_hoonpshlvr,NA
HestiaGail,NA
Lee93Sarang,NA
ricehyunnie,NA
ShaikhShahanaaz,NA
i_dwnv,NA
sally_pdf,NA
dimpi_iiiii,NA
TwtMisha,NA
annie_cvz,NA
anastasya1501,NA
nelliesjournals,NA
tanniesimulacra,tanniesimulacra
vlajibolala_,NA
i_dwnv,NA
nibbiluv,NA
Kitty69610701,NA
jkjn_twt,NA
MiaRicafort,NA
Taes_Peupeu,NA
RandomJungkook_,NA
httpkookoo,NA
putu_suci21,NA
i_dwnv,NA
anastasya1501,NA
holiwis1511,NA
jeonlabyu,NA
mylollies7bts,NA
Rita51647384,NA
suniverse_,NA
MiaRicafort,NA
glcssie,NA
cocotictacsun,NA
indrabaloch,NA
LorenaL46168594,NA
sj_bnyt,NA
nicolecityx,NA
moonbyseokjinni,NA
urenair_ARMY,NA
btsborntoslay15,NA
ccrynly,NA
isesunK,NA
hhaoxx,NA
Angellife133,NA
beware2bunny,NA
_kookiechae,NA
riri_yoongi12,NA
_SEOKJ1N,NA
YaraAde63411356,NA
Asra_Asrrra,NA
Kohlian_luvlush,NA
STAYHAPPYBTS,NA
KSJIN29,NA
Adliyaa1,NA
sugaxmilkeu,NA
mysevendevils,NA
itstheksj,NA
mots7_inna,NA
gg0613_,NA
LorenaL46168594,NA
telepathyfor7,NA
MamaCris0613,NA
jikookloml8,NA
laarchercruz,NA
dwipradita24300,NA
holiwis1511,NA
EatKookieSnce97,NA
toscaspringday,NA
tanniesimulacra,tanniesimulacra
conv3rse_high,NA
tanniesimulacra,NA
viviresani_,NA
AIRYJOON,NA
wheeinissocool,NA
haitangsun,NA
julianloraine,NA
mysevendevils,NA
conv3rse_high,NA
nappingcookie,NA
staticexiv,NA
wulibangtannie,NA
Singularity1430,NA
holiwis1511,NA
Sunshineh0biOT7,NA
yesi_0571,NA
arum2811,NA
MamaCris0613,NA
starflors,NA
fiodicepio,NA
btsborntoslay15,NA
elyggukie,NA
snghnnic,NA
NXMJ00NIES,NA
Tanushr91348185,NA
empire_bangtan,NA
SadiyaShifa23,NA
Taehyung572,NA
mysevendevils,NA
dindadewanip,NA
IshilStone,NA
Jinminkooo,NA
empire_bangtan,NA
purpleparaluman,NA
aprilka_arina,NA
assylaharra,NA
cloudycart_,NA
Hermaze__,NA
starflors,NA
jillian_diel15,NA
empire_bangtan,NA
piscesbooy,NA
LunaAstra_,NA
rynnsei,NA
loveyourselfnim,NA
suniverse_,NA
ABCDEFGH_V,NA
LuciaRu27892321,NA
vkookvisual,NA
astrnxva,astrnxva
Rita51647384,NA
_Abhishek_625,NA
ishyungshi,NA
empire_bangtan,NA
Anniemae0059,NA
chanyeoldimple3,NA
empire_bangtan,NA
anis4everhappy,NA
nanah_vts,NA
JHope20000miles,NA
_ChimChim18,BTS_twt
jjkthelittleone,NA
Mabel_07,NA
shiviknrm27,NA
empire_bangtan,NA
JJKMILLIONDOL,NA
btstxtcrumbs1,NA
alpacaparka14,NA
ilovejem115,NA
KIMTAEH90166695,NA
jozelamywrld,NA
VianneyRdz518,NA
Btsfangirl_o7,NA
koozamaki,NA
Anniemae0059,NA
bulik2013,NA
trivia_seasaw,NA
BadTyl3r,NA
Slaystay1,NA
OsirisInLove17,NA
armydeus_,NA
sonyeondanbgtn,NA
ericaborahae,NA
Rita51647384,NA
RafaelleTagle,NA
CYPHERJ0Y,NA
somegirl1502,NA
yourkpopsoul,NA
2020isqueen,NA
weepeewaw,NA
purpleparaluman,NA
hennaplant,NA
Navmir1,NA
tinytaning,NA
empire_bangtan,NA
iiwakashii,NA
jungkook_stan22,NA
namitakookie,NA
yourkpopsoul,NA